Symbol,Security,GICS Sector,GICS Sub-Industry,Headquarters Location,Date added,CIK,Founded,Founded year,Company age,YF Symbol,Market Cap,Price to Book,Trailing P/E,Forward P/E,Dividend Yield,Estimated Weight,Dollars per $100,Estimated Book Value
PSKY,Paramount Skydance Corporation,Communication Services,Movies & Entertainment,"Los Angeles, California",1994-09-30,2041610,2025 (Paramount Pictures 1912),2025.0,1.0,PSKY,12260541440,1.0530616,365.1667,12.610362,1.88,0.0001708549286554358,0.01708549286554358,11642758068.473867
Q,Qnity Electronics,Information Technology,Semiconductor Materials & Equipment,"Wilmington, Delaware",2025-11-03,2058873,2025,2025.0,1.0,Q,31331428352,4.4134674,45.28485,34.05652,0.22,0.00043661440091783245,0.043661440091783243,7099050590.472244
GEV,GE Vernova,Industrials,Heavy Electrical Equipment,"Cambridge, Massachusetts",2024-04-02,1996810,2024,2024.0,2.0,GEV,298662133760,21.452356,32.52634,45.388092,0.14,0.004161961182983859,0.4161961182983859,13922113438.72906
TKO,TKO Group Holdings,Communication Services,Movies & Entertainment,"New York City, New York",2025-03-24,1973266,2023,2023.0,3.0,TKO,14229613568,3.9495206,83.986725,41.56575,1.67,0.00019829463672976755,0.019829463672976756,3602871084.6577177
VLTO,Veralto,Industrials,Environmental & Facilities Services,"Waltham, Massachusetts",2023-10-02,1967680,2023,2023.0,3.0,VLTO,21499760640,7.154884,22.561855,18.855408,0.59,0.0002996066762820017,0.02996066762820017,3004906947.478114
SOLV,Solventum,Health Care,Health Care Technology,"Saint Paul, Minnesota",2024-04-01,1964738,2023,2023.0,3.0,SOLV,12188750848,2.4140952,8.599143,10.072185,,0.00016985450167312697,0.016985450167312698,5048993448.145706
KVUE,Kenvue,Consumer Staples,Personal Care Products,"Skillman, New Jersey",2023-08-25,1944048,2022 (Johnson & Johnson spinoff),2022.0,4.0,KVUE,33867321344,3.1399074,23.210526,14.712751,4.78,0.0004719529557725501,0.04719529557725501,10786089215.242462
WBD,Warner Bros. Discovery,Communication Services,Broadcasting,"New York City, New York",2022-04-11,1437107,2022 (Warner Bros. 1923),2022.0,4.0,WBD,68444880896,1.8853139,94.155174,-1560.2858,,0.0009538033291224601,0.09538033291224601,36304236072.306046
CTRA,Coterra,Energy,Oil & Gas Exploration & Production,"Houston, Texas",2008-06-23,858470,2021 (1989),2021.0,5.0,CTRA,24960051200,1.6835688,14.674107,11.114642,2.47,0.0003478270342204418,0.034782703422044176,14825679354.47604
CARR,Carrier Global,Industrials,Building Products,"Palm Beach Gardens, Florida",2020-04-03,1783180,"2020 (1915, United Technologies spinoff)",2020.0,6.0,CARR,56687112192,4.2181706,45.5,21.354084,1.5,0.0007899547142060673,0.07899547142060673,13438790785.749634
OTIS,Otis Worldwide,Industrials,Industrial Machinery & Supplies & Components,"Farmington, Connecticut",2020-04-03,1781335,"2020 (1853, United Technologies spinoff)",2020.0,6.0,OTIS,29596018688,-5.5757966,20.513298,16.353193,2.25,0.0004124308609182585,0.04124308609182585,-5307944462.680005
AMCR,Amcor,Materials,Paper & Plastic Packaging Products & Materials,"Warmley, Bristol, United Kingdom",2019-06-07,1748790,2019 (1860),2019.0,7.0,AMCR,18668955648,1.6043916,30.379698,9.262444,6.91,0.0002601584196684984,0.026015841966849838,11636158932.769281
FOX,Fox Corporation (Class B),Communication Services,Broadcasting,"New York City, New York",2019-03-19,1754301,2019,2019.0,7.0,FOX,23830687744,2.180021,13.434052,11.27163,1.0,0.00033208895987476785,0.03320889598747678,10931402836.945148
DOW,Dow Inc.,Materials,Commodity Chemicals,"Midland, Michigan",2019-04-01,1751788,2019 (1897),2019.0,7.0,DOW,27954028544,1.8332042,,18.745457,3.43,0.00038954915456956656,0.03895491545695665,15248725997.90029
FOXA,Fox Corporation (Class A),Communication Services,Broadcasting,"New York City, New York",2019-03-19,1754301,2019,2019.0,7.0,FOXA,26387316736,2.4139004,14.875299,12.025069,0.9,0.00036771647813440016,0.036771647813440014,10931402445.602146
LHX,L3Harris,Industrials,Aerospace & Defense,"Melbourne, Florida",2008-09-22,202058,"2019 (L3 1997, Harris 1895)",2019.0,7.0,LHX,56413835264,2.9462645,32.91522,22.242609,1.65,0.0007861465047346415,0.07861465047346415,19147580016.661777
CTVA,Corteva,Materials,Fertilizers & Agricultural Chemicals,"Indianapolis, Indiana",2019-06-03,1755672,2019,2019.0,7.0,CTVA,55104942080,2.285078,46.90286,20.278133,0.86,0.0007679066209037113,0.07679066209037114,24115125207.97977
BKR,Baker Hughes,Energy,Oil & Gas Equipment & Services,"Houston, Texas",2017-07-07,1701605,2017,2017.0,9.0,BKR,65803915264,3.4060798,21.191692,23.795004,1.36,0.0009170005503181973,0.09170005503181973,19319545967.184914
TPR,"Tapestry, Inc.",Consumer Discretionary,"Apparel, Accessories & Luxury Goods","New York City, New York",2004-09-01,1116132,2017,2017.0,9.0,TPR,30284070912,54.424416,57.579765,20.44555,1.13,0.00042201910905705634,0.04220191090570563,556442735.4075788
DD,DuPont,Materials,Specialty Chemicals,"Wilmington, Delaware",2019-06-03,1666700,2017 (1802),2017.0,9.0,DD,20356550656,1.4600483,130.69737,19.07258,1.62,0.00028367564573083366,0.028367564573083367,13942381670.524187
VICI,Vici Properties,Real Estate,Hotel & Resort REITs,"New York City, New York",2022-06-08,1705696,2017,2017.0,9.0,VICI,30919741440,1.1040834,9.833904,9.767007,6.31,0.00043087739996054545,0.043087739996054544,28004896586.616554
VRT,Vertiv,Industrials,Electrical Components & Equipment,"Westerville, Ohio",2026-03-23,1674101,2016,2016.0,10.0,VRT,135548157952,34.25119,88.44361,40.97355,0.07,0.0018889109399939114,0.18889109399939114,3957472950.633248
DELL,Dell Technologies,Information Technology,"Technology Hardware, Storage & Peripherals","Round Rock, Texas",2024-09-23,1571996,2016,2016.0,10.0,DELL,153301499904,-62.243927,27.194925,15.998371,1.16,0.002136309962903989,0.21363099629039892,-2462914974.8858232
VST,Vistra Corp.,Utilities,Electric Utilities,"Irving, Texas",2024-05-08,1692819,2016,2016.0,10.0,VST,54101864448,20.61202,73.30504,14.08625,0.57,0.0007539283836382596,0.07539283836382596,2624772557.3718634
WTW,Willis Towers Watson,Financials,Insurance Brokers,"London, United Kingdom",2016-01-05,1140536,2016,2016.0,10.0,WTW,24233459712,3.058638,15.075205,11.558887,1.48,0.0003377017279726382,0.03377017279726382,7922957771.400211
FTV,Fortive,Industrials,Industrial Machinery & Supplies & Components,"Everett, Washington",2016-07-01,1659166,2016,2016.0,10.0,FTV,18425800704,3.0364227,35.345028,18.818693,0.43,0.00025676997056837963,0.025676997056837965,6068259437.00131
KHC,Kraft Heinz,Consumer Staples,Packaged Foods & Meats,"Chicago, Illinois; Pittsburgh, Pennsylvania",2015-07-06,1637459,2015 (1869),2015.0,11.0,KHC,27397773312,0.657734,,10.816482,7.1,0.0003817975435626082,0.038179754356260816,41654792533.151695
LITE,Lumentum,Information Technology,Communications Equipment,"San Jose, California",2026-03-23,1633978,2015,2015.0,11.0,LITE,66284187648,78.29552,163.73015,51.44561,,0.0009236933137907619,0.09236933137907619,846589787.6149236
HPE,Hewlett Packard Enterprise,Information Technology,"Technology Hardware, Storage & Peripherals","Houston, Texas",2015-11-02,1645590,2015,2015.0,11.0,HPE,39832162304,1.6103423,,11.041108,1.9,0.0005550750985954548,0.05550750985954547,24735214559.041267
ELV,Elevance Health,Health Care,Managed Health Care,"Indianapolis, Indiana",2002-07-25,1156039,2014 (1946),2014.0,12.0,ELV,81435893760,1.8567114,15.903308,12.831581,1.86,0.0011348376322894635,0.11348376322894635,43860286396.69041
KEYS,Keysight Technologies,Information Technology,Electronic Equipment & Instruments,"Santa Rosa, California",2018-11-06,1601046,2014 (1939),2014.0,12.0,KEYS,62588981248,10.086648,64.13796,35.31474,,0.0008721993215450891,0.0872199321545089,6205131897.930809
NWS,News Corp (Class B),Communication Services,Publishing,"New York City, New York",2015-09-18,1564708,2013 (News Corporation 1980),2013.0,13.0,NWS,16686735360,1.9331515,39.584415,24.342714,0.68,0.00023253548739075408,0.023253548739075407,8631881857.164326
ABBV,AbbVie,Health Care,Biotechnology,"North Chicago, Illinois",2012-12-31,1551152,2013 (1888),2013.0,13.0,ABBV,362861592576,-110.891884,100.56372,12.659422,3.36,0.005056603072120957,0.5056603072120956,-3272210548.5736
NWSA,News Corp (Class A),Communication Services,Publishing,"New York City, New York",2013-08-01,1564708,2013 (News Corporation 1980),2013.0,13.0,NWSA,14444866560,1.6734319,34.266235,21.072262,0.79,0.0002012942623801523,0.02012942623801523,8631881918.828009
HOOD,Robinhood Markets,Financials,Investment Banking & Brokerage,"Menlo Park, California",2025-09-22,1783879,2013,2013.0,13.0,HOOD,69852176384,7.501934,37.655342,30.330873,,0.0009734144834402385,0.09734144834402385,9311222463.96729
COIN,Coinbase,Financials,Financial Exchanges & Data,"New York City, New York",2025-05-19,1679788,2012,2012.0,14.0,COIN,51476168704,3.5292945,43.804493,39.174664,,0.000717338396058396,0.07173383960583961,14585399066.017303
INVH,Invitation Homes,Real Estate,Single-Family Residential REITs,"Dallas, Texas",2022-09-19,1687229,2012,2012.0,14.0,INVH,17123260416,1.8833715,30.342106,42.320004,4.19,0.00023861861656283655,0.023861861656283654,9091812431.057814
CVNA,Carvana,Consumer Discretionary,Automotive Retail,"Tempe, Arizona",2025-12-22,1690820,2012,2012.0,14.0,CVNA,84795039744,14.752047,44.41493,36.600266,,0.0011816485052226179,0.11816485052226179,5748018545.765208
MNST,Monster Beverage,Consumer Staples,Soft Drinks & Non-alcoholic Beverages,"Corona, California",2012-06-28,865752,2012 (1935),2012.0,14.0,MNST,75494342656,9.148003,39.79381,30.615602,,0.0010520400417471207,0.10520400417471207,8252548961.341619
MDLZ,Mondelez International,Consumer Staples,Packaged Foods & Meats,"Chicago, Illinois",2012-10-02,1103982,2012,2012.0,14.0,MDLZ,79611961344,3.0762365,30.70297,18.301302,3.26,0.0011094204968119608,0.11094204968119607,25879662159.91521
PSX,Phillips 66,Energy,Oil & Gas Refining & Marketing,"Houston, Texas",2012-05-01,1534701,2012 (1917),2012.0,14.0,PSX,68692197376,2.3623252,16.946589,10.957105,2.82,0.0009572497706807306,0.09572497706807306,29078213861.495445
DASH,DoorDash,Consumer Discretionary,Specialized Consumer Services,"San Francisco, California",2025-03-24,1792789,2012,2012.0,14.0,DASH,72137818112,7.165426,77.723,21.783096,,0.0010052656994962667,0.10052656994962667,10067484907.666342
APP,AppLovin,Information Technology,Application Software,"Palo Alto, California",2025-09-22,1751008,2012,2012.0,14.0,APP,156458844160,73.73851,46.343628,21.88068,,0.002180308658250312,0.2180308658250312,2121806423.2651296
HII,Huntington Ingalls Industries,Industrials,Aerospace & Defense,"Newport News, Virginia",2018-01-03,1501585,2011,2011.0,15.0,HII,12517215232,2.458925,20.65497,15.694709,1.69,0.0001744317676257611,0.017443176762576108,5090523392.132741
NCLH,Norwegian Cruise Line Holdings,Consumer Discretionary,"Hotels, Resorts & Cruise Lines","Miami-Dade County, Florida[4]",2017-10-13,1513761,2011 (1966),2011.0,15.0,NCLH,8087224832,3.6289656,14.205645,7.1312327,,0.00011269830361519734,0.011269830361519734,2228520664.9520183
CRWD,CrowdStrike,Information Technology,Systems Software,"Austin, Texas",2024-06-24,1535527,2011,2011.0,15.0,CRWD,118734512128,26.786245,,75.90256,,0.001654606910946293,0.1654606910946293,4432667293.530691
XYL,Xylem Inc.,Industrials,Industrial Machinery & Supplies & Components,"White Plains, New York",2011-11-01,1524472,2011,2011.0,15.0,XYL,28258191360,2.522491,29.573383,19.53607,1.48,0.00039378776968143853,0.039378776968143854,11202494423.171381
MRNA,Moderna,Health Care,Biotechnology,"Cambridge, Massachusetts",2021-07-21,1682852,2010,2010.0,16.0,MRNA,19299684352,2.2155416,,-11.142495,,0.00026894784452793224,0.026894784452793224,8711045801.171144
LYV,Live Nation Entertainment,Communication Services,Movies & Entertainment,"Beverly Hills, California",2019-12-23,1335258,2010,2010.0,16.0,LYV,39425728512,144.80138,,78.649895,,0.0005494113017007462,0.05494113017007462,272274535.7261098
DDOG,Datadog,Information Technology,Application Software,"New York City, New York",2025-07-09,1561550,2010,2010.0,16.0,DDOG,50711085056,13.45707,459.58066,53.91016,,0.0007066766881122843,0.07066766881122843,3768360055.792234
MPC,Marathon Petroleum,Energy,Oil & Gas Refining & Marketing,"Findlay, Ohio",2011-07-01,1510295,2009 (1887),2009.0,17.0,MPC,71972519936,4.185238,16.171165,11.954902,1.5,0.0010029622116604674,0.10029622116604674,17196756776.078205
UBER,Uber,Industrials,Passenger Ground Transportation,"San Francisco, California",2023-12-18,1543151,2009,2009.0,17.0,UBER,161397243904,5.996781,16.57926,18.242277,,0.0022491269841017634,0.22491269841017633,26913980000.93717
XYZ,"Block, Inc.",Financials,Transaction & Payment Processing Services,none,2025-07-23,1512673,2009,2009.0,17.0,XYZ,41996681216,1.9117925,33.57381,14.668647,,0.0005852384258916351,0.05852384258916351,21967175420.972725
TTD,Trade Desk (The),Communication Services,Advertising,"Ventura, California",2025-07-18,1671933,2009,2009.0,17.0,TTD,11525784576,4.6388893,26.905556,10.134131,,0.00016061583504018584,0.016061583504018585,2484600047.6881394
SATS,EchoStar,Communication Services,Wireless Telecommunication Services,"Englewood, Colorado",2026-03-23,1415404,2008,2008.0,18.0,SATS,36573724672,6.3216953,,-85.89943,,0.0005096676317337347,0.05096676317337347,5785429846.958932
ABNB,Airbnb,Consumer Discretionary,"Hotels, Resorts & Cruise Lines","San Francisco, California",2023-09-18,1559720,2008,2008.0,18.0,ABNB,82722242560,10.215859,34.61194,24.155033,,0.001152763352252611,0.1152763352252611,8097433858.474359
PM,Philip Morris International,Consumer Staples,Tobacco,"New York City, New York",2008-03-31,1413329,2008 (1847),2008.0,18.0,PM,265375825920,-26.521807,23.981691,18.614601,3.47,0.0036981048533888364,0.36981048533888367,-10005948158.811352
FANG,Diamondback Energy,Energy,Oil & Gas Exploration & Production,"Midland, Texas",2018-12-03,1539838,2007,2007.0,19.0,FANG,54470393856,1.4904821,195.58586,11.314143,2.13,0.000759063969698582,0.0759063969698582,36545486762.97421
LYB,LyondellBasell,Materials,Specialty Chemicals,"Rotterdam, Netherlands",2012-09-05,1489393,2007,2007.0,19.0,LYB,23717087232,2.3474538,,9.941673,6.17,0.0003305058970493645,0.03305058970493645,10103324390.026335
TEL,TE Connectivity,Information Technology,Electronic Manufacturing Services,"Galway, Ireland",2011-10-17,1385157,2007,2007.0,19.0,TEL,62775111680,4.8637404,21.967314,17.037302,1.41,0.0008747931141467937,0.08747931141467936,12906756224.078077
TMO,Thermo Fisher Scientific,Health Care,Life Sciences Tools & Services,"Waltham, Massachusetts",2004-08-03,97745,2006 (1902),2006.0,20.0,TMO,175580004352,3.328285,25.959888,17.269081,0.38,0.0024467687062344015,0.24467687062344015,52753897082.7318
PANW,Palo Alto Networks,Information Technology,Systems Software,"Santa Clara, California",2023-06-20,1327567,2005,2005.0,21.0,PANW,148733345792,13.726144,101.886116,46.19859,,0.0020726511392939284,0.20726511392939284,10835770467.802174
TAP,Molson Coors Beverage Company,Consumer Staples,Brewers,"Chicago, Illinois",1976-06-30,24545,"2005 (Molson 1786, Coors 1873)",2005.0,21.0,TAP,8030011392,0.79851913,,8.543197,4.55,0.00011190101433909405,0.011190101433909406,10056129014.717531
TRGP,Targa Resources,Energy,Oil & Gas Storage & Transportation,"Houston, Texas",2022-10-12,1389170,2005,2005.0,21.0,TRGP,53352108032,17.366709,29.234983,21.28175,1.64,0.0007434802660252224,0.07434802660252224,3072090862.580815
WDAY,"Workday, Inc.",Information Technology,Application Software,"Pleasanton, California",2024-12-23,1327811,2005,2005.0,21.0,WDAY,31647873024,4.0876493,47.536682,9.892375,,0.0004410241679842005,0.04410241679842005,7742316109.16328
DLR,Digital Realty,Real Estate,Data Center REITs,"Austin, Texas",2016-05-18,1297996,2004,2004.0,22.0,DLR,71393157120,3.076437,52.801586,64.151886,2.48,0.0009948885883969507,0.09948885883969508,23206442101.691017
ANET,Arista Networks,Information Technology,Communications Equipment,"Santa Clara, California",2018-08-28,1596532,2004,2004.0,22.0,ANET,177404379136,14.310817,48.415806,32.167915,,0.0024721920062645425,0.24721920062645425,12396523492.404383
META,Meta Platforms,Communication Services,Interactive Media & Services,"Menlo Park, California",2013-12-23,1326801,2004,2004.0,22.0,META,1558211067904,7.1488466,22.297493,16.967493,0.35,0.021714215651869966,2.171421565186997,217966779131.0559
MOS,Mosaic Company (The),Materials,Fertilizers & Agricultural Chemicals,"Tampa, Florida",2011-09-26,1285785,2004 (1865 / 1909),2004.0,22.0,MOS,7555215360,0.62431055,13.982353,10.301862,3.78,0.00010528456574502249,0.010528456574502248,12101694196.902487
SPG,Simon Property Group,Real Estate,Retail REITs,"Indianapolis, Indiana",2002-06-26,1063761,2003,2003.0,23.0,SPG,77976616960,12.89207,14.467161,29.635443,4.28,0.0010866314014508192,0.10866314014508192,6048417124.635531
NOW,ServiceNow,Information Technology,Systems Software,"Santa Clara, California",2019-11-21,1373715,2003,2003.0,23.0,NOW,92145934336,7.8568945,53.183693,17.805443,,0.0012840857896782862,0.12840857896782862,11728035082.563473
SYF,Synchrony Financial,Financials,Consumer Finance,"Stamford, Connecticut",2015-11-18,1601712,2003,2003.0,23.0,SYF,25136949248,1.6701682,7.7360253,7.127441,1.63,0.00035029217032542004,0.035029217032542005,15050549548.243105
TSLA,"Tesla, Inc.",Consumer Discretionary,Automobile Manufacturers,"Austin, Texas",2020-12-21,1318605,2003,2003.0,23.0,TSLA,1502402183168,18.268713,367.0,157.78035,,0.02093649934410561,2.093649934410561,82239081820.81572
PLTR,Palantir Technologies,Information Technology,Application Software,"Aventura, Florida",2024-09-23,1321655,2003,2003.0,23.0,PLTR,320808321024,43.321465,152.06819,66.514244,,0.004470576040125163,0.4470576040125163,7405297143.667694
COP,ConocoPhillips,Energy,Oil & Gas Exploration & Production,"Houston, Texas",1957-03-04,1163165,2002,2002.0,24.0,COP,144483581952,2.238613,20.134975,13.565714,2.72,0.002013429195366006,0.2013429195366006,64541562991.01274
WYNN,Wynn Resorts,Consumer Discretionary,Casinos & Gaming,"Paradise, Nevada",2008-11-14,1174922,2002,2002.0,24.0,WYNN,11193768960,-39.933033,34.18471,18.659842,0.94,0.000155989081428873,0.015598908142887299,-280313517.8838031
SWKS,Skyworks Solutions,Information Technology,Semiconductors,"Irvine, California",2015-03-12,4127,2002,2002.0,24.0,SWKS,9833541632,1.7021165,25.049809,13.054667,3.91,0.00013703383836575638,0.013703383836575638,5777243585.85326
EXC,Exelon,Utilities,Electric Utilities,"Chicago, Illinois",1957-03-04,1109357,2000,2000.0,26.0,EXC,46482845696,1.6131667,16.641026,14.940738,3.64,0.000647754695333562,0.0647754695333562,28814657341.98456
CPAY,Corpay,Financials,Transaction & Payment Processing Services,"Atlanta, Georgia",2018-06-20,1175454,2000,2000.0,26.0,CPAY,20168935424,5.368138,20.291418,10.209291,,0.0002810611619223573,0.028106116192235728,3757156657.2990484
FTNT,Fortinet,Information Technology,Systems Software,"Sunnyvale, California",2018-10-11,1262039,2000,2000.0,26.0,FTNT,65698832384,53.865543,37.08264,27.13047,,0.0009155361836706745,0.09155361836706745,1219681984.5295162
ICE,Intercontinental Exchange,Financials,Financial Exchanges & Data,"Atlanta, Georgia",2007-09-26,1571949,2000,2000.0,26.0,ICE,87367671808,3.0295103,22.520832,17.597887,1.34,0.0012174990318818554,0.12174990318818554,28838875975.434048
GPN,Global Payments,Financials,Transaction & Payment Processing Services,"Atlanta, Georgia",2016-04-25,1123360,2000,2000.0,26.0,GPN,19030300672,0.7149726,15.6072235,4.2679195,1.44,0.0002651938888276415,0.02651938888276415,26616825137.075184
JPM,JPMorgan Chase,Financials,Diversified Banks,"New York City, New York",1975-06-30,19617,2000 (1799 / 1871),2000.0,26.0,JPM,843992465408,2.4535167,15.08525,13.383483,1.94,0.011761329886505339,1.1761329886505338,343992957295.9499
PODD,Insulet Corporation,Health Care,Health Care Equipment,"Acton, Massachusetts",2023-03-15,1145197,2000,2000.0,26.0,PODD,10458820608,7.0147734,43.390804,18.708517,,0.00014574731936143937,0.014574731936143937,1490970557.6519406
FSLR,First Solar,Information Technology,Semiconductors,"Tempe, Arizona",2022-12-19,1274494,1999,1999.0,27.0,FSLR,23435503616,2.4537797,14.080007,9.096643,,0.00032658193097839956,0.03265819309783995,9550777364.40643
XOM,ExxonMobil,Energy,Integrated Oil & Gas,"Irving, Texas",1957-03-04,34088,1999,1999.0,27.0,XOM,613224218624,2.383557,24.864708,14.60891,2.66,0.008545493739857943,0.8545493739857943,257272730890.84924
ON,ON Semiconductor,Information Technology,Semiconductors,"Phoenix, Arizona",2022-06-21,1097864,1999,1999.0,27.0,ON,40840232960,5.388036,76.625,24.431013,,0.0005691229153948504,0.056912291539485044,7579799570.752683
WAB,Wabtec,Industrials,Construction Machinery & Heavy Transportation Equipment,"Pittsburgh, Pennsylvania",2019-02-27,943452,1999 (1869),1999.0,27.0,WAB,46213320704,4.170201,38.577904,22.457918,0.4,0.0006439987704011785,0.06439987704011785,11081796945.518934
DXCM,Dexcom,Health Care,Health Care Equipment,"San Diego, California",2020-05-12,1093557,1999,1999.0,27.0,DXCM,23106074624,7.8151917,25.699572,19.60964,,0.0003219912228762628,0.03219912228762628,2956558906.1622124
EOG,EOG Resources,Energy,Oil & Gas Exploration & Production,"Houston, Texas",2000-11-02,821189,1999,1999.0,27.0,EOG,72348360704,2.4339454,14.791883,9.567998,2.9,0.001008199684076893,0.1008199684076893,29724726242.42105
A,Agilent Technologies,Health Care,Life Sciences Tools & Services,"Santa Clara, California",2000-06-05,1090872,1999,1999.0,27.0,A,33397940224,4.836307,26.146017,17.954647,0.87,0.0004654119658691052,0.04654119658691052,6905670013.090568
CEG,Constellation Energy,Utilities,Electric Utilities,"Baltimore, Maryland",2022-02-02,1868275,1999,1999.0,27.0,CEG,117423316992,6.9737062,43.798645,23.855402,0.53,0.001636334948609968,0.16363349486099682,16838007456.064037
CRM,Salesforce,Information Technology,Application Software,"San Francisco, California",2008-09-15,1108524,1999,1999.0,27.0,CRM,148587184128,2.8531148,23.286537,12.157825,0.94,0.0020706143254389216,0.20706143254389217,52078936370.87438
GOOGL,Alphabet Inc. (Class A),Communication Services,Interactive Media & Services,"Mountain View, California",2006-04-03,1652044,1998,1998.0,28.0,GOOGL,4804742479872,11.54426,30.204111,27.606686,0.23,0.06695576517755095,6.695576517755095,416201859614.3885
VTR,Ventas,Real Estate,Health Care REITs,"Chicago, Illinois",2009-03-04,740260,1998,1998.0,28.0,VTR,42248151040,3.2183995,158.0,95.84524,2.4,0.0005887427457496752,0.058874274574967515,13127068606.616426
BAC,Bank of America,Financials,Diversified Banks,"Charlotte, North Carolina",1976-06-30,70858,1998 (1923 / 1874),1998.0,28.0,BAC,380341780480,1.3861731,13.299007,10.629457,2.11,0.005300195597935341,0.5300195597935341,274382600903.16284
GOOG,Alphabet Inc. (Class C),Communication Services,Interactive Media & Services,"Mountain View, California",2014-04-03,1652044,1998,1998.0,28.0,GOOG,4766215700480,11.451693,30.030533,27.38532,0.23,0.06641888104591964,6.641888104591964,416201840241.43854
SRE,Sempra,Utilities,Multi-Utilities,"San Diego, California",2017-03-17,1032208,1998,1998.0,28.0,SRE,61184593920,1.9347975,34.054546,16.92581,2.79,0.0008526286934529877,0.08526286934529877,31623254588.658504
LULU,Lululemon Athletica,Consumer Discretionary,"Apparel, Accessories & Luxury Goods","Vancouver, Canada",2023-10-18,1397187,1998,1998.0,28.0,LULU,15419842560,3.0861197,9.912821,9.9235525,,0.00021488089358530422,0.021488089358530423,4996514736.6124525
AKAM,Akamai Technologies,Information Technology,Internet Services & Infrastructure,"Cambridge, Massachusetts",2007-07-12,1086222,1998,1998.0,28.0,AKAM,17509971968,3.4579153,38.741043,15.644855,,0.00024400757715242638,0.024400757715242638,5063736514.3096485
EQIX,Equinix,Real Estate,Data Center REITs,"Redwood City, California",2015-03-20,1101239,1998,1998.0,28.0,EQIX,106999422976,7.528103,75.08097,57.6297,1.83,0.0014910743435109892,0.1491074343510989,14213331429.71078
BLDR,Builders FirstSource,Industrials,Building Products,"Irving, Texas",2023-12-18,1316835,1998,1998.0,28.0,BLDR,8642973696,2.0416954,30.66985,13.590514,,0.00012044285820715666,0.012044285820715666,4233233662.572781
RSG,Republic Services,Industrials,Environmental & Facilities Services,"Phoenix, Arizona",2008-12-05,1060391,1998 (1981),1998.0,28.0,RSG,61894742016,5.1556993,29.245987,24.89249,1.23,0.0008625248552881434,0.08625248552881434,12005110929.568758
C,Citigroup,Financials,Diversified Banks,"New York City, New York",1988-05-31,831001,1998,1998.0,28.0,C,224070270976,1.1413779,15.833127,10.2953,1.87,0.0031224975135689154,0.31224975135689154,196315585728.4428
PYPL,PayPal,Financials,Transaction & Payment Processing Services,"San Jose, California",2015-07-20,1633917,1998,1998.0,28.0,PYPL,41600925696,2.1001954,8.675423,7.967194,1.2,0.0005797234344481092,0.05797234344481092,19808121518.597744
NFLX,Netflix,Communication Services,Movies & Entertainment,"Los Gatos, California",2010-12-20,1065280,1997,1997.0,29.0,NFLX,370234490880,13.9474945,28.362906,22.889566,,0.005159346985991183,0.5159346985991183,26544874484.80442
YUM,Yum! Brands,Consumer Discretionary,Restaurants,"Louisville, Kentucky",1997-10-06,1041061,1997,1997.0,29.0,YUM,43212943360,-5.9115486,25.21371,20.852285,1.95,0.000602187463815969,0.0602187463815969,-7309919326.384292
MPWR,Monolithic Power Systems,Information Technology,Semiconductors,"Kirkland, Washington",2021-02-12,1280452,1997,1997.0,29.0,MPWR,80983678976,22.735304,117.90809,54.655746,0.5,0.0011285358612758945,0.11285358612758946,3562023141.4543657
URI,United Rentals,Industrials,Trading Companies & Distributors,"Stamford, Connecticut",2014-09-20,1067701,1997,1997.0,29.0,URI,59972800512,6.735382,24.465117,17.793835,0.84,0.0008357419289261375,0.08357419289261375,8904142409.740086
RCL,Royal Caribbean Group,Consumer Discretionary,"Hotels, Resorts & Cruise Lines","Miami, Florida",2014-12-05,884887,1997,1997.0,29.0,RCL,75877728256,7.7347045,17.261747,14.158956,1.61,0.001057382654033542,0.10573826540335421,9810035826.966627
GDDY,GoDaddy,Information Technology,Internet Services & Infrastructure,"Tempe, Arizona",2024-06-24,1609711,1997,1997.0,29.0,GDDY,11393355776,53.796993,13.606974,7.969681,,0.00015877039344312004,0.015877039344312005,211784249.27950898
PWR,Quanta Services,Industrials,Construction & Engineering,"Houston, Texas",2009-07-01,1050915,1997,1997.0,29.0,PWR,117497094144,13.103067,108.0,48.20182,0.06,0.0016373630589999574,0.16373630589999574,8967144420.768055
KMI,Kinder Morgan,Energy,Oil & Gas Storage & Transportation,"Houston, Texas",2012-05-25,1506307,1997,1997.0,29.0,KMI,69870657536,2.230627,21.07718,20.734163,3.64,0.0009736720247504557,0.09736720247504557,31323326372.360775
FIX,Comfort Systems USA,Industrials,Construction & Engineering,"Houston, Texas",2025-12-22,1035983,1997,1997.0,29.0,FIX,70335496192,108.85481,57.713173,38.14014,0.13,0.0009801497138309772,0.09801497138309773,646140452.5165218
ALGN,Align Technology,Health Care,Health Care Supplies,"Tempe, Arizona",2017-06-19,1097149,1997,1997.0,29.0,ALGN,12357201920,2.970049,28.950502,13.9473915,,0.0001722019262162711,0.01722019262162711,4160605404.153265
FE,FirstEnergy,Utilities,Electric Utilities,"Akron, Ohio",1997-11-28,1031296,1997,1997.0,29.0,FE,26457442304,2.0908759,24.858696,15.521397,4.05,0.00036869370242552916,0.036869370242552914,12653760227.472134
EXPE,Expedia Group,Consumer Discretionary,"Hotels, Resorts & Cruise Lines","Seattle, Washington",2007-10-02,1324424,1996,1996.0,30.0,EXPE,29509828608,23.4564,25.037678,10.734825,0.68,0.00041122977203965783,0.04112297720396578,1258071511.7409322
CVS,CVS Health,Health Care,Health Care Services,"Woonsocket, Rhode Island",1957-03-04,64803,1996,1996.0,30.0,CVS,110781882368,1.4607028,62.187054,10.564164,3.3,0.0015437842366853515,0.15437842366853516,75841493812.43057
BKNG,Booking Holdings,Consumer Discretionary,"Hotels, Resorts & Cruise Lines","Norwalk, Connecticut",2009-11-06,1075531,1996,1996.0,30.0,BKNG,131210174464,-15.139025,22.33905,13.782219,0.96,0.001828459624448201,0.1828459624448201,-8667016169.403248
FFIV,"F5, Inc.",Information Technology,Communications Equipment,"Seattle, Washington",2010-12-20,1048695,1996,1996.0,30.0,FFIV,19156408320,5.4268627,27.735416,19.309196,,0.0002669512429630511,0.026695124296305113,3529923157.996977
ISRG,Intuitive Surgical,Health Care,Health Care Equipment,"Sunnyvale, California",2008-06-02,1035267,1995,1995.0,31.0,ISRG,159752241152,9.148194,54.874695,38.26116,,0.0022262032960080214,0.22262032960080214,17462708065.87617
VRSN,Verisign,Information Technology,Internet Services & Infrastructure,"Reston, Virginia",2006-02-01,1014473,1995,1995.0,31.0,VRSN,25122371584,-11.362777,30.504972,25.916714,1.17,0.0003500890254843156,0.03500890254843156,-2210935899.2084417
DTE,DTE Energy,Utilities,Multi-Utilities,"Detroit, Michigan",1957-03-04,936340,1995,1995.0,31.0,DTE,29962317824,2.4320354,23.689144,17.24879,3.14,0.00041753536735903015,0.04175353673590301,12319852673.197107
LMT,Lockheed Martin,Industrials,Aerospace & Defense,"Bethesda, Maryland",1957-03-04,936468,1995,1995.0,31.0,LMT,117620875264,15.667362,24.6924,15.900605,2.65,0.0016390879921548255,0.16390879921548254,7507382242.396646
EBAY,eBay Inc.,Consumer Discretionary,Broadline Retail,"San Jose, California",2002-07-22,1065088,1995,1995.0,31.0,EBAY,47987519488,10.515665,24.96074,16.000309,1.18,0.0006687228503404149,0.0668722850340415,4563431745.686079
AMT,American Tower,Real Estate,Telecom Tower REITs,"Boston, Massachusetts",2007-11-19,1053507,1995,1995.0,31.0,AMT,83620814848,23.744543,28.949194,25.989267,3.87,0.0011652852710364843,0.11652852710364843,3521685586.789352
ACGL,Arch Capital Group,Financials,Property & Casualty Insurance,"Hamilton, Bermuda",2022-11-01,947484,1995,1995.0,31.0,ACGL,33670555648,1.4582919,7.333077,9.547942,,0.0004692109570511693,0.046921095705116926,23089037008.297173
ARE,Alexandria Real Estate Equities,Real Estate,Office REITs,"Pasadena, California",2017-03-20,1035443,1994,1994.0,32.0,ARE,8147097600,0.51536167,,-53.125,9.32,0.00011353265155611857,0.011353265155611856,15808505122.23775
ALB,Albemarle Corporation,Materials,Specialty Chemicals,"Charlotte, North Carolina",2016-07-01,915913,1994,1994.0,32.0,ALB,22816935936,3.1218147,,21.441046,0.83,0.0003179619742373245,0.03179619742373245,7308869400.864824
APTV,Aptiv,Consumer Discretionary,Automotive Parts & Equipment,"Schaffhausen, Switzerland",2012-12-24,1521332,1994,1994.0,32.0,APTV,14149570560,1.3046197,33.535717,8.416141,,0.0001971792094472016,0.01971792094472016,10845743445.388721
CCI,Crown Castle,Real Estate,Telecom Tower REITs,"Houston, Texas",2012-03-14,1051470,1994,1994.0,32.0,CCI,39290167296,-20.44487,37.991226,30.404781,4.77,0.0005475222087922911,0.05475222087922911,-1921761659.330678
EME,Emcor,Industrials,Construction & Engineering,"Norwalk, Connecticut",2025-09-22,105634,1994,1994.0,32.0,EME,42080829440,11.450686,31.741518,29.139015,0.14,0.0005864110607934753,0.05864110607934753,3674961433.751655
TMUS,T-Mobile US,Communication Services,Wireless Telecommunication Services,"Bellevue, Washington",2019-07-15,1283699,1994,1994.0,32.0,TMUS,209017012224,3.6111734,20.54681,13.845717,2.1,0.0029127250934281638,0.2912725093428164,57880635757.8952
NOC,Northrop Grumman,Industrials,Aerospace & Defense,"West Falls Church, Virginia[3]",1957-03-04,1133421,"1994 (Northrop 1939, Grumman 1930)",1994.0,32.0,NOC,79005982720,4.6161747,17.437273,18.394053,1.65,0.001100975972964714,0.1100975972964714,17115033085.727886
CTSH,Cognizant,Information Technology,IT Consulting & Other Services,"Teaneck, New Jersey",2006-11-17,1058290,1994,1994.0,32.0,CTSH,24280272896,1.6147882,11.135033,8.334903,2.54,0.0003383540860476543,0.03383540860476543,15036196633.09405
GEHC,GE HealthCare,Health Care,Health Care Equipment,"Chicago, Illinois",2023-01-04,1932393,1994,1994.0,32.0,GEHC,28171448320,2.719329,14.851318,11.509356,0.23,0.00039257897511204014,0.03925789751120402,10359705765.650276
COF,Capital One,Financials,Consumer Finance,"Tysons Corner, Virginia",1998-07-01,927628,1994,1994.0,32.0,COF,122571046912,1.1139995,59.651237,8.004768,1.69,0.0017080703636014817,0.17080703636014818,110027919143.59027
AMZN,Amazon,Consumer Discretionary,Broadline Retail,"Seattle, Washington",2005-11-18,1018724,1994,1994.0,32.0,AMZN,2980687380480,6.7429976,33.105137,28.050997,,0.041536920064116536,4.153692006411654,442041886605.44684
TTWO,Take-Two Interactive,Communication Services,Interactive Home Entertainment,"New York City, New York",2018-03-19,946581,1993,1993.0,33.0,TTWO,41490411520,11.864443,,28.36005,,0.0005781833807931954,0.05781833807931954,3497038295.013091
AXON,Axon Enterprise,Industrials,Aerospace & Defense,"Scottsdale, Arizona",2023-05-04,1069183,1993,1993.0,33.0,AXON,30378135552,9.326424,248.04605,36.040108,,0.0004233299326805357,0.042332993268053565,3257211504.8597407
NVDA,Nvidia,Information Technology,Semiconductors,"Santa Clara, California",2001-11-30,1045810,1993,1993.0,33.0,NVDA,5000753840128,31.79079,42.075665,18.306496,0.02,0.06968725196678313,6.968725196678313,157301968278.4857
SMCI,Supermicro,Information Technology,"Technology Hardware, Storage & Peripherals","San Jose, California",2024-03-18,1375365,1993,1993.0,33.0,SMCI,19713822720,2.8122325,17.278948,10.193563,,0.00027471900738108916,0.027471900738108915,7010025920.687568
MLM,Martin Marietta Materials,Materials,Construction Materials,"Raleigh, North Carolina",2014-07-02,916076,1993,1993.0,33.0,MLM,36775112704,3.6818943,38.42221,26.487406,0.55,0.0005124740443222653,0.051247404432226536,9988095721.270433
CMG,Chipotle Mexican Grill,Consumer Discretionary,Restaurants,"Newport Beach, California",2011-04-28,1058090,1993,1993.0,33.0,CMG,42272501760,17.613577,30.233946,24.26802,,0.0005890820815407304,0.05890820815407304,2399995285.455078
POOL,Pool Corporation,Consumer Discretionary,Distributors,"Covington, Louisiana",2020-10-07,945841,1993,1993.0,33.0,POOL,6945125376,6.1148367,17.5,15.843397,2.78,9.678274865971472e-05,0.009678274865971472,1135782640.932995
HST,Host Hotels & Resorts,Real Estate,Hotel & Resort REITs,"Bethesda, Maryland",2007-03-20,1070750,1993,1993.0,33.0,HST,15135828992,2.280021,19.763636,22.41237,3.75,0.00021092306528422262,0.021092306528422262,6638460344.005603
TDG,TransDigm Group,Industrials,Aerospace & Defense,"Cleveland, Ohio",2016-06-03,1260221,1993,1993.0,33.0,TDG,69842132992,-7.524153,39.77879,26.98984,,0.0009732745252636754,0.09732745252636754,-9282391385.714777
CHTR,Charter Communications,Communication Services,Cable & Satellite,"Stamford, Connecticut",2016-09-08,1091667,1993,1993.0,33.0,CHTR,22122649600,1.1761792,4.2397184,3.543881,,0.0003082868515696812,0.03082868515696812,18808910751.014812
STLD,Steel Dynamics,Materials,Steel,"Fort Wayne, Indiana",2022-12-22,1022671,1993,1993.0,33.0,STLD,34877140992,3.9134128,25.921223,14.092456,0.85,0.00048602514538654304,0.0486025145386543,8912205988.593893
EPAM,EPAM Systems,Information Technology,IT Consulting & Other Services,"Newtown, Pennsylvania",2021-12-14,1352010,1993,1993.0,33.0,EPAM,5649994752,1.5806681,15.936757,7.701601,,7.873465091086114e-05,0.007873465091086114,3574434602.6847763
NRG,NRG Energy,Utilities,Independent Power Producers & Energy Traders,"Houston, Texas",2010-01-29,1013871,1992,1992.0,34.0,NRG,32266313728,28.052067,37.887775,13.399845,1.21,0.00044964235527035165,0.044964235527035164,1150229454.6779742
NTAP,NetApp,Information Technology,"Technology Hardware, Storage & Peripherals","San Jose, California",1999-06-25,1002047,1992,1992.0,34.0,NTAP,22137204736,19.112516,18.753355,13.103672,1.82,0.0003084896824752346,0.030848968247523458,1158256962.9241908
CIEN,Ciena,Information Technology,Communications Equipment,"Hanover, Maryland",2026-02-09,936395,1992,1992.0,34.0,CIEN,80983121920,29.012209,362.4873,66.19686,,0.0011285280985059056,0.11285280985059057,2791346288.7296863
INCY,Incyte,Health Care,Biotechnology,"Wilmington, Delaware",2017-02-28,879169,1991,1991.0,35.0,INCY,19805405184,3.80732,14.002119,10.944638,,0.00027599524101476534,0.027599524101476536,5201928176.249961
ULTA,Ulta Beauty,Consumer Discretionary,Other Specialty Retail,"Bolingbrook, Illinois",2016-04-18,1403568,1990,1990.0,36.0,ULTA,23380729856,8.421899,20.873878,16.912096,,0.0003258186394954918,0.03258186394954918,2776182646.692866
APO,Apollo Global Management,Financials,Asset Management & Custody Banks,"New York City, New York",2024-12-23,1858681,1990,1990.0,36.0,APO,75172315136,3.4404602,23.5361,12.289617,1.57,0.0010475524757432913,0.10475524757432914,21849494185.690624
EXE,Expand Energy,Energy,Oil & Gas Exploration & Production,"Oklahoma City, Oklahoma",2025-03-24,895126,1989,1989.0,37.0,EXE,23219552256,1.1921928,7.2217264,9.855088,3.2,0.0003235725733259333,0.03235725733259333,19476339947.699734
GRMN,Garmin,Consumer Discretionary,Consumer Electronics,"Schaffhausen, Switzerland",2012-12-12,1121788,1989,1989.0,37.0,GRMN,46551633920,5.0223675,26.939734,23.81427,1.79,0.0006487132832687987,0.06487132832687988,9268862527.483305
SBAC,SBA Communications,Real Estate,Telecom Tower REITs,"Boca Raton, Florida",2017-09-01,1034054,1989,1989.0,37.0,SBAC,23189614592,-4.7599764,23.014736,26.97524,2.3,0.0003231553815182254,0.032315538151822545,-4871791925.69106
RMD,ResMed,Health Care,Health Care Equipment,"San Diego, California",2017-07-26,943819,1989,1989.0,37.0,RMD,30505357312,4.846292,20.279654,17.297878,1.15,0.00042510281235592294,0.04251028123559229,6294576825.333677
VRTX,Vertex Pharmaceuticals,Health Care,Biotechnology,"Boston, Massachusetts",2013-09-23,875320,1989,1989.0,37.0,VRTX,108462055424,5.6018276,25.322254,19.759375,,0.0015114566377004508,0.15114566377004507,19361905286.767483
MCHP,Microchip Technology,Information Technology,Semiconductors,"Chandler, Arizona",2007-09-07,827054,1989,1989.0,37.0,MCHP,55450152960,8.452528,,38.489418,1.85,0.0007727172551291342,0.07727172551291342,6560185658.065848
BMY,Bristol Myers Squibb,Health Care,Pharmaceuticals,"New York City, New York",1957-03-04,14272,1989 (1887),1989.0,37.0,BMY,115828326400,5.7713675,15.888236,9.22968,4.42,0.001614108197439487,0.1614108197439487,20069476844.092842
ACN,Accenture,Information Technology,IT Consulting & Other Services,"Dublin, Ireland",2011-07-06,1467373,1989,1989.0,37.0,ACN,108282740736,3.466077,14.40991,11.803154,3.64,0.001508957824872727,0.1508957824872727,31240719907.838173
LVS,Las Vegas Sands,Consumer Discretionary,Casinos & Gaming,"Las Vegas, Nevada",2019-10-03,1300514,1988,1988.0,38.0,LVS,35073392640,29.291643,19.531364,14.37011,2.1,0.0004887599806694416,0.048875998066944155,1197385637.9445837
REGN,Regeneron Pharmaceuticals,Health Care,Biotechnology,"Tarrytown, New York",2013-05-01,872589,1988,1988.0,38.0,REGN,75728904192,2.371048,17.643747,13.421103,0.54,0.0010553087387043239,0.10553087387043239,31939000894.119392
SNDK,Sandisk,Information Technology,"Technology Hardware, Storage & Peripherals","Milpitas, California",2025-11-28,2023554,1988,1988.0,38.0,SNDK,204027707392,19.965075,47.10188,8.20072,,0.002843197387389793,0.2843197387389793,10219230701.211992
CDNS,Cadence Design Systems,Information Technology,Application Software,"San Jose, California",2017-09-18,813672,1988,1988.0,38.0,CDNS,97245831168,14.61875,82.377335,37.585228,,0.0013551546338762014,0.13551546338762013,6652130391.996579
IEX,IDEX Corporation,Industrials,Industrial Machinery & Supplies & Components,"Northbrook, Illinois",2019-08-09,832101,1988,1988.0,38.0,IEX,16108266496,4.0311737,32.24222,23.655594,1.32,0.00022447432166069388,0.022447432166069387,3995924684.664419
BLK,BlackRock,Financials,Asset Management & Custody Banks,"New York City, New York",2011-04-04,2012383,1988,1988.0,38.0,BLK,167296991232,2.9877334,27.08931,17.751953,2.19,0.0023313420244197984,0.23313420244197983,55994618272.16578
GILD,Gilead Sciences,Health Care,Biotechnology,"Foster City, California",2004-07-01,882095,1987,1987.0,39.0,GILD,167922434048,7.3957253,19.954275,14.065573,2.46,0.002340057788583125,0.2340057788583125,22705336831.263866
TJX,TJX Companies,Consumer Discretionary,Apparel Retail,"Framingham, Massachusetts",1985-09-30,109198,1987,1987.0,39.0,TJX,171003117568,16.80139,31.753593,27.277555,1.24,0.0023829881897889284,0.23829881897889285,10177914896.80318
CSGP,CoStar Group,Real Estate,Real Estate Services,"Washington, D.C.",2022-09-19,1057352,1987,1987.0,39.0,CSGP,14100521984,1.7314345,493.2857,19.458672,,0.00019649570040364582,0.01964957004036458,8143837947.089538
DLTR,Dollar Tree,Consumer Staples,Consumer Staples Merchandise Retail,"Chesapeake, Virginia",2011-12-19,935703,1986,1986.0,40.0,DLTR,18687797248,5.0734825,16.156567,12.985467,,0.0002604209839475319,0.026042098394753188,3683425979.6894937
SNPS,Synopsys,Information Technology,Application Software,"Sunnyvale, California",2017-03-16,883241,1986,1986.0,40.0,SNPS,95826984960,3.1350038,76.60643,29.3405,,0.0013353825162395372,0.13353825162395372,30566784308.20403
MGM,MGM Resorts,Consumer Discretionary,Casinos & Gaming,"Paradise, Nevada",2017-07-26,789570,1986,1986.0,40.0,MGM,9740256256,4.0469866,52.150684,16.479235,,0.00013573387405838272,0.013573387405838272,2406792317.029169
OMC,Omnicom Group,Communication Services,Advertising,"New York City, New York",1997-12-31,29989,1986,1986.0,40.0,OMC,21911275520,2.321817,,6.1441627,4.12,0.0003053412799132627,0.03053412799132627,9437124252.255884
PNW,Pinnacle West Capital,Utilities,Multi-Utilities,"Phoenix, Arizona",1999-10-04,764622,1985,1985.0,41.0,PNW,12156284928,1.7211441,18.714552,17.99192,3.59,0.00016940207773471624,0.016940207773471622,7062909449.592279
BX,Blackstone Inc.,Financials,Asset Management & Custody Banks,"New York City, New York",2023-09-18,1393818,1985,1985.0,41.0,BX,152086069248,11.675894,31.905127,16.475645,4.05,0.002119372512055447,0.2119372512055447,13025646622.691162
PTC,PTC Inc.,Information Technology,Application Software,"Boston, Massachusetts",2021-04-20,857005,1985,1985.0,41.0,PTC,15881222144,4.12946,19.655376,15.968319,,0.00022131037928894658,0.02213103792889466,3845835083.5218167
CB,Chubb Limited,Financials,Property & Casualty Insurance,"Zurich, Switzerland",2010-07-15,896159,1985,1985.0,41.0,CB,125073244160,1.6978092,11.410828,11.023914,1.2,0.0017429393564906627,0.17429393564906628,73667432217.94298
STE,Steris,Health Care,Health Care Equipment,"Dublin, Ireland",2019-12-23,1757898,1985,1985.0,41.0,STE,21044189184,2.9399705,29.862814,19.353718,1.16,0.000293258128871331,0.0293258128871331,7157959300.61203
COR,Cencora,Health Care,Health Care Distributors,"Conshohocken, Pennsylvania",2001-08-30,1140859,1985,1985.0,41.0,COR,48897232896,25.622833,30.21154,12.829877,0.78,0.0006814000245240645,0.06814000245240645,1908346079.2957594
MO,Altria,Consumer Staples,Tobacco,"Richmond, Virginia",1957-03-04,764180,1985,1985.0,41.0,MO,118370238464,-33.883842,14.798539,12.100794,5.82,0.0016495306301655176,0.16495306301655177,-3493412537.574694
QCOM,Qualcomm,Information Technology,Semiconductors,"San Diego, California",1999-07-22,804328,1985,1985.0,41.0,QCOM,204597215232,9.035749,20.85016,18.282553,1.97,0.0028511336781195367,0.2851133678119537,22643083072.803375
DOC,Healthpeak Properties,Real Estate,Health Care REITs,"Denver, Colorado",2008-03-31,765880,1985,1985.0,41.0,DOC,13574885376,1.8093781,195.25,144.62962,7.39,0.0001891707706199147,0.018917077061991472,7502514469.474346
NEE,NextEra Energy,Utilities,Multi-Utilities,"Juno Beach, Florida",1976-06-30,753308,1984 (1925),1984.0,42.0,NEE,198722600960,3.5986178,24.186548,21.70902,2.59,0.0027692688757180563,0.2769268875718056,55221924640.06597
CNC,Centene Corporation,Health Care,Managed Health Care,"St. Louis, Missouri",2016-03-30,1071739,1984,1984.0,42.0,CNC,27129206784,1.2660444,,12.315375,,0.0003780549751609408,0.03780549751609408,21428321774.49701
CDW,CDW Corporation,Information Technology,Technology Distributors,"Vernon Hills, Illinois",2019-09-23,1402057,1984,1984.0,42.0,CDW,14068039680,5.4150944,13.497524,9.618666,1.84,0.00019604304814847066,0.019604304814847068,2597930643.646766
FISV,Fiserv,Financials,Transaction & Payment Processing Services,"Brookfield, Wisconsin",2001-04-02,798354,1984,1984.0,42.0,FISV,30027757568,1.1625259,9.51695,6.2443843,,0.00041844729305554735,0.04184472930555473,25829753614.95172
CSCO,Cisco,Information Technology,Communications Equipment,"San Jose, California",1993-12-01,858877,1984,1984.0,42.0,CSCO,361454731264,7.572197,32.917267,20.28273,1.78,0.005036997968197434,0.5036997968197434,47734459531.89015
T,AT&T,Communication Services,Integrated Telecommunication Services,"Dallas, Texas",1983-11-30,732717,1983 (1885),1983.0,43.0,T,177286856704,1.6245383,8.393092,9.976812,4.29,0.0024705542901136664,0.24705542901136665,109130610650.42296
D,Dominion Energy,Utilities,Multi-Utilities,"Richmond, Virginia",2016-11-30,715957,1983,1983.0,43.0,D,54592196608,1.9423324,18.311209,16.29633,4.24,0.0007607613336041516,0.07607613336041516,28106515964.002865
INTU,Intuit,Information Technology,Application Software,"Mountain View, California",2000-12-05,896878,1983,1983.0,43.0,INTU,108507406336,5.678399,25.353056,14.723963,1.16,0.0015120886185042463,0.15120886185042462,19108802734.010063
PLD,Prologis,Real Estate,Industrial REITs,"San Francisco, California",2003-07-17,1045609,1983,1983.0,43.0,PLD,133380186112,2.4900336,35.9447,42.102695,3.05,0.0018586994949396387,0.18586994949396388,53565616990.87113
IDXX,Idexx Laboratories,Health Care,Health Care Equipment,"Westbrook, Maine",2017-01-05,874716,1983,1983.0,43.0,IDXX,45967351808,28.664598,42.54274,34.9952,,0.000640571107896778,0.06405711078967781,1603627994.6434274
VZ,Verizon,Communication Services,Integrated Telecommunication Services,"New York City, New York",1983-11-30,732712,1983 (1877),1983.0,43.0,VZ,197316001792,1.9075494,11.52439,8.959401,5.98,0.002749667424862764,0.2749667424862764,103439523921.11052
EA,Electronic Arts,Communication Services,Interactive Home Entertainment,"Redwood City, California",2002-07-22,712515,1982,1982.0,44.0,EA,50353549312,8.181597,57.324787,21.901339,0.38,0.0007016943026008588,0.07016943026008587,6154489070.043416
AON,Aon plc,Financials,Insurance Brokers,"London, United Kingdom",1996-04-23,315293,1982 (1919),1982.0,44.0,AON,66027290624,7.090757,16.97693,14.448708,1.04,0.0009201133640045219,0.09201133640045218,9311740710.336004
CPRT,Copart,Industrials,Diversified Support Services,"Dallas, Texas",2018-07-02,900075,1982,1982.0,44.0,CPRT,32256382976,3.2951193,21.059748,19.932379,,0.00044950396677154365,0.044950396677154364,9789139645.414356
CI,Cigna,Health Care,Health Care Services,"Bloomfield, Connecticut",1976-06-30,1739940,1982,1982.0,44.0,CI,74744946688,1.7712381,12.142458,8.422665,2.26,0.0010415969471029,0.10415969471028999,42199265411.013916
GEN,Gen Digital,Information Technology,Systems Software,"Tempe, Arizona",2003-03-25,849399,1982,1982.0,44.0,GEN,11916433408,5.1130457,20.283504,6.8596544,2.54,0.00016605966300221498,0.016605966300221497,2330593956.5531363
ADBE,Adobe Inc.,Information Technology,Application Software,"San Jose, California",1997-05-05,796343,1982,1982.0,44.0,ADBE,101294538752,8.899325,14.612536,9.497539,,0.001411574788630072,0.1411574788630072,11382272110.749973
IQV,IQVIA,Health Care,Life Sciences Tools & Services,"Durham, North Carolina",2017-08-29,1478242,1982,1982.0,44.0,IQV,29690517504,4.612837,21.998756,12.477548,,0.0004137477349359938,0.04137477349359938,6436498298.986069
ADSK,Autodesk,Information Technology,Application Software,"San Francisco, California",1989-12-01,769397,1982,1982.0,44.0,ADSK,51015581696,16.83353,46.141224,17.142899,,0.0007109199551782304,0.07109199551782304,3030593208.6734037
ROST,Ross Stores,Consumer Discretionary,Apparel Retail,"Dublin, California",2009-12-21,745732,1982,1982.0,44.0,ROST,73868353536,11.897271,34.49849,28.0979,0.78,0.0010293813152584385,0.10293813152584386,6208848528.036387
KDP,Keurig Dr Pepper,Consumer Staples,Soft Drinks & Non-alcoholic Beverages,"Burlington, Massachusetts",2022-06-21,1418135,1981,1981.0,45.0,KDP,38850777088,1.5378608,21.151852,11.308508,3.18,0.0005413991527260382,0.054139915272603825,25262869752.580986
AES,AES Corporation,Utilities,Independent Power Producers & Energy Traders,"Arlington, Virginia",1998-10-02,874761,1981,1981.0,45.0,AES,10229012480,2.514461,10.950382,6.0051327,4.9,0.00014254486280550124,0.014254486280550123,4068073626.9124875
ROP,Roper Technologies,Information Technology,Electronic Equipment & Instruments,"Sarasota, Florida",2009-12-23,882835,1981,1981.0,45.0,ROP,35493138432,1.885757,21.96783,14.720265,1.02,0.0004946092849352064,0.04946092849352064,18821692525.601124
CPT,Camden Property Trust,Real Estate,Multi-Family Residential REITs,"Houston, Texas",2022-04-04,906345,1981,1981.0,45.0,CPT,10412935168,2.5621114,29.353352,82.496605,4.05,0.00014510788972320609,0.014510788972320608,4064200786.8978686
NVR,"NVR, Inc.",Consumer Discretionary,Homebuilding,"Reston, Virginia",2019-09-26,906163,1980,1980.0,46.0,NVR,16688048128,4.424665,14.9175825,14.5505295,,0.00023255378127149979,0.023255378127149978,3771595844.657166
AMGN,Amgen,Health Care,Biotechnology,"Thousand Oaks, California",1992-01-02,318154,1980,1980.0,46.0,AMGN,179015450624,20.630413,23.069597,14.10904,3.06,0.0024946428503392595,0.24946428503392595,8677259666.299458
LRCX,Lam Research,Information Technology,Semiconductor Materials & Equipment,"Fremont, California",2012-06-29,707549,1980,1980.0,46.0,LRCX,368343187456,36.322605,55.573586,37.222576,0.38,0.005132991011978562,0.5132991011978563,10140880244.024347
VLO,Valero Energy,Energy,Oil & Gas Refining & Marketing,"San Antonio, Texas",2002-12-20,1035002,1980,1980.0,46.0,VLO,70120669184,2.9755304,17.249817,12.659896,1.89,0.0009771560244164663,0.09771560244164663,23565771394.57221
CSX,CSX Corporation,Industrials,Rail Transportation,"Jacksonville, Florida",1957-03-04,277948,1980,1980.0,46.0,CSX,84889075712,6.252224,28.027609,21.226723,1.24,0.0011829589292917597,0.11829589292917597,13577420724.529383
BSX,Boston Scientific,Health Care,Health Care Equipment,"Marlborough, Massachusetts",1995-02-24,885725,1979,1979.0,47.0,BSX,82500149248,3.189576,23.223848,14.74636,,0.001149668404353099,0.11496684043530989,25865553681.116234
AZO,AutoZone,Consumer Discretionary,Automotive Retail,"Memphis, Tennessee",1997-01-02,866787,1979,1979.0,47.0,AZO,59011268608,-20.227617,24.960056,20.355331,,0.0008223426458959547,0.08223426458959547,-2917361378.159375
EXPD,Expeditors International,Industrials,Air Freight & Logistics,"Seattle, Washington",2007-10-10,746515,1979,1979.0,47.0,EXPD,20192956416,8.630009,24.570389,22.622408,1.01,0.0002813959028385295,0.02813959028385295,2339853459.7124987
UHS,Universal Health Services,Health Care,Health Care Facilities,"King of Prussia, Pennsylvania",2014-09-20,352915,1979,1979.0,47.0,UHS,10362542080,1.3891093,7.0895615,6.681344,0.48,0.0001444056444351736,0.014440564443517361,7459846449.8078
IT,Gartner,Information Technology,IT Consulting & Other Services,"Stamford, Connecticut",2017-04-05,749251,1979,1979.0,47.0,IT,10205475840,33.760796,15.062252,10.353603,,0.00014221687150367592,0.014221687150367592,302287773.0726491
STX,Seagate Technology,Information Technology,"Technology Hardware, Storage & Peripherals","Dublin, Ireland",2012-07-02,1137789,1979,1979.0,47.0,STX,174259568640,369.36786,73.59375,29.57974,0.38,0.002428367973242968,0.24283679732429678,471777833.1877603
DVA,DaVita,Health Care,Health Care Services,"Denver, Colorado",2008-07-31,927066,1979,1979.0,47.0,DVA,12495133696,-19.949463,18.254335,11.367427,,0.00017412405370657201,0.0174124053706572,-626339350.3875266
BIIB,Biogen,Health Care,Biotechnology,"Cambridge, Massachusetts",2003-11-13,875045,1978,1978.0,48.0,BIIB,28076150784,1.5049024,20.426422,11.516959,,0.00039125097065204143,0.039125097065204145,18656459571.065872
TRMB,Trimble Inc.,Information Technology,Application Software,"Westminster, Colorado",2021-01-21,864749,1978,1978.0,48.0,TRMB,15063672832,2.624537,36.877728,16.05271,,0.00020991754398410863,0.02099175439841086,5739554379.305759
FDS,FactSet,Financials,Financial Exchanges & Data,"Norwalk, Connecticut",2021-12-20,1013237,1978,1978.0,48.0,FDS,7865480192,3.715495,13.902124,11.11832,2.11,0.0001096082145818271,0.01096082145818271,2116940055.6318874
MU,Micron Technology,Information Technology,Semiconductors,"Boise, Idaho",1994-09-27,723125,1978,1978.0,48.0,MU,736658391040,10.168905,30.826803,6.4376183,0.09,0.010265592058923568,1.0265592058923567,72442253225.88814
DHI,D. R. Horton,Consumer Discretionary,Homebuilding,"Arlington, Texas",2005-06-22,882184,1978,1978.0,48.0,DHI,42400825344,1.8032925,14.039437,12.42264,1.23,0.000590870315518522,0.059087031551852194,23513004875.249023
AVB,AvalonBay Communities,Real Estate,Multi-Family Residential REITs,"Arlington, Virginia",2007-01-10,915912,1978,1978.0,48.0,AVB,26021605376,2.2186048,23.150372,38.11576,3.84,0.00036262016255755056,0.03626201625575506,11728815053.496683
HD,Home Depot (The),Consumer Discretionary,Home Improvement Retail,"Atlanta, Georgia",1988-03-31,354950,1978,1978.0,48.0,HD,321946025984,25.12671,22.71469,19.823227,2.95,0.0044864303562435,0.44864303562435004,12812900136.309132
LH,Labcorp,Health Care,Health Care Services,"Burlington, North Carolina",2004-11-01,920148,1978,1978.0,48.0,LH,21137139712,2.458136,22.831709,13.260475,1.12,0.0002945534269548327,0.029455342695483267,8598848766.70778
AAPL,Apple Inc.,Information Technology,"Technology Hardware, Storage & Peripherals","Cupertino, California",1982-11-30,320193,1977,1977.0,49.0,AAPL,4215711727616,47.854282,34.707375,29.989145,0.38,0.05874741584444379,5.874741584444379,88094765012.16757
MAA,Mid-America Apartment Communities,Real Estate,Multi-Family Residential REITs,"Memphis, Tennessee",2016-12-02,912595,1977,1977.0,49.0,MAA,15703386112,2.7161462,39.758312,33.830334,4.7,0.00021883217204920775,0.021883217204920775,5781495161.048401
ARES,Ares Management,Financials,Asset Management & Custody Banks,"Los Angeles, California",2025-12-11,1176948,1977,1977.0,49.0,ARES,40975306752,9.770989,72.48245,16.67761,4.39,0.0005710052158795654,0.05710052158795654,4193567995.2152233
IBKR,Interactive Brokers,Financials,Investment Banking & Brokerage,"Greenwich, Connecticut",2025-08-28,1381197,1977,1977.0,49.0,IBKR,148070088704,6.946108,37.538925,30.497862,0.42,0.0020634084200384195,0.20634084200384195,21316986246.686634
UNH,UnitedHealth Group,Health Care,Managed Health Care,"Eden Prairie, Minnesota",1994-07-01,731766,1977,1977.0,49.0,UNH,334086209536,3.5413096,27.699549,17.724577,2.43,0.004655608055678025,0.4655608055678025,94339735090.0921
EXR,Extra Space Storage,Real Estate,Self-Storage REITs,"Salt Lake City, Utah",2016-01-19,1289490,1977,1977.0,49.0,EXR,31865995264,2.2872577,32.447193,30.204018,4.64,0.00044406377760794675,0.044406377760794674,13931965455.401024
ORCL,Oracle Corporation,Information Technology,Application Software,"Austin, Texas",1989-08-31,1341439,1977,1977.0,49.0,ORCL,552243953664,16.459368,34.41129,23.904732,1.08,0.007695712441852692,0.7695712441852692,33551953736.25524
JKHY,Jack Henry & Associates,Financials,Transaction & Payment Processing Services,"Monett, Missouri",2018-11-13,779152,1976,1976.0,50.0,JKHY,10437507072,4.7240148,20.690102,20.589663,1.57,0.00014545030779058047,0.014545030779058048,2209456895.012268
KKR,KKR & Co.,Financials,Asset Management & Custody Banks,"New York City, New York",2024-06-24,1404912,1976,1976.0,50.0,KKR,93700145152,3.1804037,43.237183,13.3826885,0.73,0.001305744260422233,0.1305744260422233,29461714294.949413
COST,Costco,Consumer Staples,Consumer Staples Merchandise Retail,"Issaquah, Washington",1993-10-01,909832,1976,1976.0,50.0,COST,441043877888,26.66774,51.750134,44.23389,0.58,0.006146100533915,0.6146100533915,16538479746.990185
TECH,Bio-Techne,Health Care,Life Sciences Tools & Services,"Minneapolis, Minnesota",2021-08-30,842023,1976,1976.0,50.0,TECH,7400225280,3.6663747,89.2451,21.87997,0.56,0.00010312472482851071,0.010312472482851071,2018403978.185863
KLAC,KLA Corporation,Information Technology,Semiconductor Materials & Equipment,"Milpitas, California",1997-09-30,319201,1975/1977 (1997),1975.0,51.0,KLAC,235771576320,43.30618,51.05842,36.384342,0.44,0.003285559291836074,0.3285559291836074,5444294008.845851
MSFT,Microsoft,Information Technology,Systems Software,"Redmond, Washington",1994-06-01,789019,1975,1975.0,51.0,MSFT,3071648202752,7.8589506,24.642353,21.296022,0.88,0.04280449090311876,4.280449090311876,390847119302.67126
EG,Everest Group,Financials,Reinsurance,"Hamilton, Bermuda",2017-06-19,1095073,1973,1973.0,53.0,EG,14028704768,0.9278793,7.178819,5.797852,2.29,0.00019549490240659487,0.019549490240659488,15119105219.827623
DECK,Deckers Brands,Consumer Discretionary,Footwear,"Goleta, California",2024-03-18,910521,1973,1973.0,53.0,DECK,14662011904,5.6337953,14.671875,14.063432,,0.0002043202586168226,0.02043202586168226,2602510585.3597484
CBOE,Cboe Global Markets,Financials,Financial Exchanges & Data,"Chicago, Illinois",2017-03-01,1374310,1973,1973.0,53.0,CBOE,35737694208,6.954746,29.18675,24.172728,0.81,0.0004980172551186794,0.04980172551186794,5138605235.6189575
UDR,"UDR, Inc.",Real Estate,Multi-Family Residential REITs,"Highlands Ranch, Colorado",2016-03-07,74208,1972,1972.0,54.0,UDR,13840612352,3.778576,25.411564,62.25833,4.68,0.00019287376887235606,0.019287376887235606,3662917552.009011
PSA,Public Storage,Real Estate,Self-Storage REITs,"Glendale, California",2005-08-19,1393311,1972,1972.0,54.0,PSA,54397239296,11.102652,32.01188,30.756731,4.02,0.0007580445353456387,0.07580445353456387,4899481609.979309
CCL,Carnival,Consumer Discretionary,"Hotels, Resorts & Cruise Lines","Miami, Florida",1998-12-22,815097,1972,1972.0,54.0,CCL,37890494464,2.9073226,12.050661,10.529212,0.58,0.0005280172788491391,0.052801727884913906,13032779528.491264
RF,Regions Financial Corporation,Financials,Regional Banks,"Birmingham, Alabama",1998-08-28,1281761,1971,1971.0,55.0,RF,24121620480,1.3850192,11.715768,9.872067,3.78,0.0003361432091994054,0.033614320919940543,17416091040.470776
COHR,Coherent Corp.,Information Technology,Electronic Components,"Saxonburg, Pennsylvania",2026-03-23,820318,1971,1971.0,55.0,COHR,64139415552,7.5086694,338.72275,44.844948,,0.0008938051652748469,0.08938051652748469,8542048149.303258
DVN,Devon Energy,Energy,Oil & Gas Exploration & Production,"Oklahoma City, Oklahoma",2000-08-30,1090012,1971,1971.0,55.0,DVN,29176623104,1.8806329,11.258993,8.598083,1.88,0.00040658643692333216,0.04065864369233321,15514257516.179792
ESS,Essex Property Trust,Real Estate,Multi-Family Residential REITs,"San Mateo, California",2014-04-02,920522,1971,1971.0,55.0,ESS,18483937280,3.1727834,30.199326,45.31805,3.86,0.0002575801240671758,0.02575801240671758,5825779749.099796
SBUX,Starbucks,Consumer Discretionary,Restaurants,"Seattle, Washington",2000-06-07,829224,1971,1971.0,55.0,SBUX,122078961664,-14.418495,81.76717,35.537384,2.36,0.0017012129837418015,0.17012129837418014,-8466831084.936396
FDX,FedEx,Industrials,Air Freight & Logistics,"Memphis, Tennessee",1980-12-31,1048911,1971,1971.0,55.0,FDX,89440550912,3.005902,20.023771,16.76915,1.6,0.0012463853264356843,0.12463853264356843,29754979008.630356
NDAQ,"Nasdaq, Inc.",Financials,Financial Exchanges & Data,"New York City, New York",2008-10-22,1120193,1971,1971.0,55.0,NDAQ,50593280000,4.1986203,26.945784,20.217909,1.26,0.0007050350334972227,0.07050350334972227,12049977465.216372
VRSK,Verisk Analytics,Industrials,Research & Consulting Services,"Jersey City, New Jersey",2015-10-08,1442145,1971,1971.0,55.0,VRSK,22614370304,77.29512,26.27093,19.963844,1.11,0.00031513915138135415,0.031513915138135416,292571773.0174945
CAH,Cardinal Health,Health Care,Health Care Distributors,"Dublin, Ohio",1997-05-27,721371,1971,1971.0,55.0,CAH,44684132352,-15.612928,29.172783,15.9706745,1.04,0.0006226889964356265,0.06226889964356266,-2861995671.279596
PAYX,Paychex,Industrials,Human Resource & Employment Services,"Penfield, New York",1998-10-01,723531,1971,1971.0,55.0,PAYX,32791425024,8.170131,20.203485,15.511617,5.13,0.0004569599646478249,0.045695996464782486,4013573959.095638
SCHW,Charles Schwab Corporation,Financials,Investment Banking & Brokerage,"Westlake, Texas",1997-06-02,316709,1971,1971.0,55.0,SCHW,161071955968,3.262181,18.275349,13.155033,1.39,0.002244593983061823,0.2244593983061823,49375542303.75323
CRH,CRH plc,Materials,Construction Materials,"Dublin, Ireland",2025-12-22,849395,1970,1970.0,56.0,CRH,76535652352,3.1906183,21.250465,17.160091,1.39,0.0010665510561822461,0.10665510561822461,23987718102.162205
WELL,Welltower,Real Estate,Health Care REITs,"Toledo, Ohio",2009-01-30,766704,1970,1970.0,56.0,WELL,152068079616,3.5614264,103.567314,65.21298,1.38,0.0021191218202481613,0.21191218202481613,42698644457.737495
WDC,Western Digital,Information Technology,"Technology Hardware, Storage & Peripherals","San Jose, California",2009-07-01,106040,1970,1970.0,56.0,WDC,162263711744,22.508406,28.189419,27.02762,0.13,0.0022612015161858397,0.22612015161858398,7209027229.382658
BXP,"BXP, Inc.",Real Estate,Office REITs,"Boston, Massachusetts",2006-04-03,1037540,1970,1970.0,56.0,BXP,10711262208,1.8633157,30.40201,29.016787,5.26,0.00014926518125756653,0.014926518125756653,5748495656.4258
AMD,Advanced Micro Devices,Information Technology,Semiconductors,"Santa Clara, California",2017-03-20,2488,1969,1969.0,57.0,AMD,681185640448,10.809831,161.31274,33.99047,,0.009492559897897167,0.9492559897897167,63015382983.138214
O,Realty Income,Real Estate,Retail REITs,"San Diego, California",2015-04-07,726728,1969,1969.0,57.0,O,59527557120,1.5118265,54.56402,35.10638,5.09,0.000829537306695811,0.0829537306695811,39374595643.08471
SYY,Sysco,Consumer Staples,Food Distributors,"Houston, Texas",1986-12-31,96021,1969,1969.0,57.0,SYY,35065131008,15.38284,20.369446,14.789224,3.02,0.0004886448519410045,0.04886448519410045,2279496569.4241114
LDOS,Leidos,Industrials,Diversified Support Services,"Reston, Virginia",2019-08-09,1336920,1969,1969.0,57.0,LDOS,16621033472,3.3156018,12.089661,10.045171,1.25,0.00023161990862600684,0.023161990862600682,5012976368.875176
EQR,Equity Residential,Real Estate,Multi-Family Residential REITs,"Chicago, Illinois",2001-12-03,906107,1969,1969.0,57.0,EQR,25722224640,2.2817,26.632,43.80609,4.24,0.0003584481874012811,0.03584481874012811,11273271963.886576
DHR,Danaher Corporation,Health Care,Life Sciences Tools & Services,"Washington, D.C.",1998-11-18,313616,1969,1969.0,57.0,DHR,123583832064,2.3337967,33.904854,19.203993,0.92,0.0017221838785498268,0.17221838785498267,52953983551.35218
ZBRA,Zebra Technologies,Information Technology,Electronic Equipment & Instruments,"Lincolnshire, Illinois",2019-12-23,877212,1969,1969.0,57.0,ZBRA,11298842624,3.1747503,28.079462,11.455152,,0.00015745331964821588,0.01574533196482159,3558970487.852226
MSCI,MSCI Inc.,Financials,Financial Exchanges & Data,"New York City, New York",2018-04-04,1408198,1969,1969.0,57.0,MSCI,42339094528,-15.298661,33.304348,25.916777,1.41,0.0005900100750295407,0.05900100750295407,-2767503282.0192566
HCA,HCA Healthcare,Health Care,Health Care Facilities,"Nashville, Tennessee",2015-01-27,860730,1968,1968.0,58.0,HCA,95761596416,-16.086681,14.86979,13.0209,0.73,0.0013344713040329087,0.13344713040329087,-5952849839.939016
FIS,Fidelity National Information Services,Financials,Transaction & Payment Processing Services,"Jacksonville, Florida",2006-11-10,1136893,1968,1968.0,58.0,FIS,24055093248,1.7210902,63.753426,6.759161,3.6,0.00033521612897765267,0.033521612897765264,13976660402.807478
USB,U.S. Bancorp,Financials,Diversified Banks,"Minneapolis, Minnesota",1999-11-01,36104,1968,1968.0,58.0,USB,87627325440,1.5038496,11.834382,10.001116,3.71,0.0012211173959637018,0.12211173959637017,58268676229.325066
WM,Waste Management,Industrials,Environmental & Facilities Services,"Houston, Texas",1998-08-31,823768,1968,1968.0,58.0,WM,88890793984,8.928125,32.034008,23.941942,1.52,0.001238724271565397,0.1238724271565397,9956266739.544977
INTC,Intel,Information Technology,Semiconductors,"Santa Clara, California",1976-12-31,50863,1968,1968.0,58.0,INTC,557483884544,4.8470545,,73.15224,,0.007768732709435737,0.7768732709435737,115014981685.06256
DGX,Quest Diagnostics,Health Care,Health Care Services,"Secaucus, New Jersey",2002-12-12,1022079,1967,1967.0,59.0,DGX,20998006784,2.858499,20.96022,16.268091,1.8,0.00029261456099174336,0.029261456099174337,7345815682.986071
LUV,Southwest Airlines,Industrials,Passenger Airlines,"Dallas, Texas",1994-07-01,92380,1967,1967.0,59.0,LUV,20032391168,2.64761,27.323334,9.055839,1.81,0.00027915837000803956,0.027915837000803956,7566216764.553693
FAST,Fastenal,Industrials,Trading Companies & Distributors,"Winona, Minnesota",2008-09-15,815556,1967,1967.0,59.0,FAST,51839520768,12.994245,39.960175,33.080826,2.08,0.0007224018340211754,0.07224018340211753,3989421529.915744
UAL,United Airlines Holdings,Industrials,Passenger Airlines,"Chicago, Illinois",2015-09-03,100517,1967,1967.0,59.0,UAL,32025294848,2.0310826,8.825581,7.003271,,0.00044628367296838854,0.044628367296838854,15767598446.26703
CASY,Casey's,Consumer Staples,Food Retail,"Ankeny, Iowa",2026-04-09,726958,1967,1967.0,59.0,CASY,31648860160,8.196506,49.01435,42.547226,0.26,0.0004410379240692542,0.04410379240692542,3861262367.1598606
WRB,W. R. Berkley Corporation,Financials,Property & Casualty Insurance,"Greenwich, Connecticut",2019-12-05,11544,1967,1967.0,59.0,WRB,24764145664,2.5862446,14.0933895,13.790725,0.54,0.0003450970221291907,0.034509702212919074,9575330061.20148
RL,Ralph Lauren Corporation,Consumer Discretionary,"Apparel, Accessories & Luxury Goods","New York City, New York",2007-02-02,1037038,1967,1967.0,59.0,RL,22380042240,7.7431135,25.123213,20.483555,1.01,0.00031187370793804353,0.031187370793804355,2890315664.364212
AMAT,Applied Materials,Information Technology,Semiconductor Materials & Equipment,"Santa Clara, California",1995-03-16,6951,1967,1967.0,59.0,AMAT,337188945920,15.526402,43.622177,30.19559,0.52,0.00469884577124868,0.469884577124868,21717133558.695698
TYL,Tyler Technologies,Information Technology,Application Software,"Plano, Texas",2020-06-22,860731,1966,1966.0,60.0,TYL,13532590080,3.7373352,44.326656,22.348972,,0.00018858137089267554,0.018858137089267556,3620919547.1682606
JBL,Jabil,Information Technology,Electronic Manufacturing Services,"St. Petersburg, Florida",2023-12-18,898293,1966,1966.0,60.0,JBL,38756388864,28.92292,49.508087,25.22026,0.09,0.0005400838198464624,0.05400838198464624,1339988800.0243404
PNR,Pentair,Industrials,Industrial Machinery & Supplies & Components,"Worsley, United Kingdom",2012-10-01,77360,1966,1966.0,60.0,PNR,12949450752,3.3805847,20.133165,13.776633,1.36,0.00018045512061497013,0.018045512061497012,3830535809.9739375
BBY,Best Buy,Consumer Discretionary,Computer & Electronics Retail,"Richfield, Minnesota",1999-06-29,764478,1966,1966.0,60.0,BBY,12309865472,4.121693,11.592262,8.330743,6.71,0.0001715422762745927,0.01715422762745927,2986604162.901022
MA,Mastercard,Financials,Transaction & Payment Processing Services,"Harrison, New York",2008-07-18,1141391,1966,1966.0,60.0,MA,433680646144,56.71597,28.3711,21.545914,0.7,0.006043491326935756,0.6043491326935756,7646534937.937234
ES,Eversource Energy,Utilities,Electric Utilities,"Hartford, Connecticut",2009-07-24,72741,1966,1966.0,60.0,ES,25777352704,1.5896395,15.04057,13.745507,4.57,0.00035921641623421857,0.03592164162342186,16215848124.0558
ADI,Analog Devices,Information Technology,Semiconductors,"Wilmington, Massachusetts",1999-10-12,6281,1965,1965.0,61.0,ADI,202193272832,5.984325,75.85297,31.494007,1.01,0.0028176339008663246,0.2817633900866325,33787147728.774757
NKE,"Nike, Inc.",Consumer Discretionary,"Apparel, Accessories & Luxury Goods","Washington County, Oregon",1988-11-30,320187,1964,1964.0,62.0,NKE,64381562880,4.5667014,28.601973,23.823746,3.81,0.0008971795728939565,0.08971795728939565,14098045228.006367
REG,Regency Centers,Real Estate,Retail REITs,"Jacksonville, Florida",2017-03-02,910606,1963,1963.0,63.0,REG,14840070144,2.1834433,27.281786,31.288673,3.83,0.00020680156240267828,0.020680156240267828,6796636369.719333
CMCSA,Comcast,Communication Services,Cable & Satellite,"Philadelphia, Pennsylvania",2002-11-19,1166691,1963,1963.0,63.0,CMCSA,94610472960,1.0731796,5.1931376,6.947341,4.99,0.0013184299964845467,0.13184299964845467,88159030380.37622
FRT,Federal Realty Investment Trust,Real Estate,Retail REITs,"Rockville, Maryland",2016-02-01,34903,1962,1962.0,64.0,FRT,10157284352,3.2636077,20.288195,36.771553,3.92,0.00014154530628085658,0.014154530628085658,3112287163.6808553
WMT,Walmart,Consumer Staples,Consumer Staples Merchandise Retail,"Bentonville, Arkansas",1982-08-31,104169,1962,1962.0,64.0,WMT,1036467896320,10.401567,47.630035,39.61612,0.76,0.014443542264916747,1.4443542264916747,99645360773.04506
BR,Broadridge Financial Solutions,Industrials,Data Processing & Outsourced Services,"Lake Success, New York",2018-06-18,1383312,1962,1962.0,64.0,BR,17643673600,6.261544,16.298079,14.695371,2.56,0.0002458707561081247,0.02458707561081247,2817783217.685606
RJF,Raymond James Financial,Financials,Investment Banking & Brokerage,"St. Petersburg, Florida",2017-03-20,720005,1962,1962.0,64.0,RJF,30988105728,2.5118306,15.022641,11.897647,1.36,0.00043183008019950396,0.0431830080199504,12336861302.669056
VTRS,Viatris,Health Care,Pharmaceuticals,"Pittsburgh, Pennsylvania",2004-04-23,1792044,1961,1961.0,65.0,VTRS,18589978624,1.2493153,,5.9974155,3.09,0.0002590578472454147,0.02590578472454147,14880133641.203306
HUM,Humana,Health Care,Managed Health Care,"Louisville, Kentucky",2012-12-10,49071,1961,1961.0,65.0,HUM,29799866368,1.6951578,26.489328,16.243252,1.48,0.0004152715495610413,0.04152715495610413,17579405509.032845
AVGO,Broadcom,Information Technology,Semiconductors,"Palo Alto, California",2014-05-08,1730168,1961,1961.0,65.0,AVGO,1995804770304,24.994368,82.169586,23.265877,0.61,0.027812236784908934,2.7812236784908935,79850179460.58888
JBHT,J.B. Hunt,Industrials,Cargo Ground Transportation,"Lowell, Arkansas",2015-07-01,728535,1961,1961.0,65.0,JBHT,23477671936,6.531731,38.65994,27.542728,0.74,0.00032716956125071483,0.032716956125071486,3594402760.3096333
TER,Teradyne,Information Technology,Semiconductor Materials & Equipment,"North Reading, Massachusetts",2020-09-21,97210,1960,1960.0,66.0,TER,59108753408,21.081459,70.0538,39.691082,0.15,0.0008237011306439977,0.08237011306439977,2803826500.2436504
DPZ,Domino's,Consumer Discretionary,Restaurants,"Ann Arbor, Michigan",2020-05-12,1286681,1960,1960.0,66.0,DPZ,10747242496,-2.7708838,18.59091,15.389517,2.4,0.00014976657914193614,0.014976657914193614,-3878633415.0858293
TDY,Teledyne Technologies,Information Technology,Electronic Equipment & Instruments,"Thousand Oaks, California",2020-06-22,1094285,1960,1960.0,66.0,TDY,29671114752,2.8133354,32.49324,24.600092,,0.0004134773508077804,0.04134773508077804,10546597022.168064
GNRC,Generac,Industrials,Electrical Components & Equipment,"Waukesha, Wisconsin",2021-03-22,1474735,1959,1959.0,67.0,GNRC,15722141696,5.958808,83.802505,24.217216,,0.0002190935376652283,0.02190935376652283,2638470931.7702465
L,Loews Corporation,Financials,Multi-line Insurance,"New York City, New York",1995-05-31,60086,1959,1959.0,67.0,L,21761087488,1.1658968,13.454834,36.46724,0.24,0.00030324835721341005,0.030324835721341006,18664677257.88423
PKG,Packaging Corporation of America,Materials,Paper & Plastic Packaging Products & Materials,"Lake Forest, Illinois",2017-07-26,75677,1959,1959.0,67.0,PKG,20337530880,4.393405,27.665655,18.765749,2.25,0.0002834105985069875,0.028341059850698753,4629104505.503136
V,Visa Inc.,Financials,Transaction & Payment Processing Services,"San Francisco, California",2009-12-21,1403161,1958,1958.0,68.0,V,607378931712,15.941898,27.86911,21.537788,0.83,0.008464037624464698,0.8464037624464698,38099536937.948044
KIM,Kimco Realty,Real Estate,Retail REITs,"Jericho, New York",2006-04-04,879101,1958,1958.0,68.0,KIM,16051286016,1.5439284,27.357702,27.740328,4.42,0.00022368027876358407,0.022368027876358408,10396392744.63764
IFF,International Flavors & Fragrances,Materials,Specialty Chemicals,"New York City, New York",1976-03-31,51253,1958 (1889),1958.0,68.0,IFF,21115768832,1.493388,,17.411186,2.26,0.0002942556162752984,0.029425561627529843,14139506164.50648
COO,Cooper Companies (The),Health Care,Health Care Supplies,"San Ramon, California",2016-09-23,711404,1958,1958.0,68.0,COO,11946854400,1.4283048,30.462687,12.196094,,0.00016648359015447196,0.016648359015447197,8364359204.001835
EW,Edwards Lifesciences,Health Care,Health Care Equipment,"Irvine, California",2011-04-01,1099800,1958,1958.0,68.0,EW,47625228288,4.640209,44.651352,24.561504,,0.000663674195888129,0.0663674195888129,10263595516.495056
WAT,Waters Corporation,Health Care,Life Sciences Tools & Services,"Milford, Massachusetts",2002-01-02,1000697,1958,1958.0,68.0,WAT,34239141888,8.109321,44.43185,21.331377,,0.0004771344049629168,0.047713440496291684,4222195901.2351346
ORLY,O’Reilly Automotive,Consumer Discretionary,Automotive Retail,"Springfield, Missouri",2009-03-27,898173,1957,1957.0,69.0,ORLY,79292522496,-74.313576,31.032574,26.37867,,0.0011049690048569028,0.11049690048569027,-1066999150.9492155
FICO,Fair Isaac,Information Technology,Application Software,"Bozeman, Montana",2023-03-20,814547,1956,1956.0,70.0,FICO,24340248576,-13.793667,33.256023,19.36214,,0.0003391898681032518,0.03391898681032518,-1764595924.7820034
PHM,PulteGroup,Consumer Discretionary,Homebuilding,"Atlanta, Georgia",1984-04-30,822416,1956,1956.0,70.0,PHM,22922174464,1.7721342,11.64908,10.754827,0.88,0.00031942850989410894,0.031942850989410895,12934784771.943344
WSM,"Williams-Sonoma, Inc.",Consumer Discretionary,Homefurnishing Retail,"San Francisco, California",2025-03-24,719955,1956,1956.0,70.0,WSM,22213154816,10.644462,21.137033,18.403606,1.69,0.0003095480733760996,0.03095480733760996,2086827386.4851036
AFL,Aflac,Financials,Life & Health Insurance,"Columbus, Georgia",1999-05-28,4977,1955,1955.0,71.0,AFL,58190209024,1.9422009,13.041191,14.926097,2.13,0.000810900893724349,0.0810900893724349,29960962856.108242
DOV,Dover Corporation,Industrials,Industrial Machinery & Supplies & Components,"Downers Grove, Illinois",1985-10-31,29905,1955,1955.0,71.0,DOV,30631430144,4.089716,28.43375,19.620764,0.93,0.0004268596813182082,0.04268596813182082,7489867302.277224
LEN,Lennar,Consumer Discretionary,Homebuilding,"Miami, Florida",2005-10-04,920760,1954,1954.0,72.0,LEN,21999364096,1.0054822,12.851799,11.76824,2.32,0.0003065688249969355,0.030656882499693554,21879416757.452293
APA,APA Corporation,Energy,Oil & Gas Exploration & Production,"Houston, Texas",1997-07-28,1841666,1954,1954.0,72.0,APA,13616517120,2.2320704,9.656641,9.560058,2.41,0.00018975092351819663,0.018975092351819663,6100397693.549451
NXPI,NXP Semiconductors,Information Technology,Semiconductors,"Eindhoven, Netherlands",2021-03-22,1413447,1953,1953.0,73.0,NXPI,76224806912,7.5915265,28.836199,17.177559,1.39,0.001062219316370104,0.10622193163701041,10040774660.010738
ZTS,Zoetis,Health Care,Pharmaceuticals,"Parsippany, New Jersey",2013-06-21,1555280,1952,1952.0,74.0,ZTS,47088349184,14.230131,18.529902,14.728795,1.88,0.000656192597994642,0.0656192597994642,3309059430.5843005
IRM,Iron Mountain,Real Estate,Other Specialized REITs,"Portsmouth, New Hampshire",2009-01-06,1020569,1951,1951.0,75.0,IRM,39698714624,-32.6714,145.0326,49.904434,2.62,0.0005532154585496043,0.055321545854960436,-1215090710.039974
CINF,Cincinnati Financial,Financials,Property & Casualty Insurance,"Fairfield, Ohio",1997-12-18,20286,1950,1950.0,76.0,CINF,24947875840,1.58673,9.22127,17.577282,2.35,0.00034765736632491416,0.03476573663249142,15722823567.966825
MDT,Medtronic,Health Care,Health Care Equipment,"Galway, Ireland",1986-10-31,1613103,1949,1949.0,77.0,MDT,99436879872,2.0291336,21.634077,12.782574,3.65,0.0013856876630930991,0.13856876630930992,49004599732.61494
ADP,Automatic Data Processing,Industrials,Human Resource & Employment Services,"Roseland, New Jersey",1981-03-31,8670,1949,1949.0,77.0,ADP,83051749376,13.107526,19.381287,17.107365,3.23,0.0011573551448593787,0.11573551448593787,6336188032.432665
ROL,"Rollins, Inc.",Industrials,Environmental & Facilities Services,"Atlanta, Georgia",2018-10-01,84839,1948,1948.0,78.0,ROL,26129033216,19.002102,49.78899,38.920525,1.35,0.00036411720704197483,0.03641172070419748,1375060149.4508343
J,Jacobs Solutions,Industrials,Construction & Engineering,"Dallas, Texas",2007-10-26,52988,1947,1947.0,79.0,J,14352575488,4.1725283,36.04867,14.860552,1.05,0.0002000081540464168,0.02000081540464168,3439779063.451769
BEN,Franklin Resources,Financials,Asset Management & Custody Banks,"San Mateo, California",1998-04-30,38777,1947,1947.0,79.0,BEN,16204883968,1.33629,23.805344,10.594891,4.33,0.0002258207198900227,0.02258207198900227,12126771859.401777
CRL,Charles River Laboratories,Health Care,Life Sciences Tools & Services,"Wilmington, Massachusetts",2021-05-14,1100682,1947,1947.0,79.0,CRL,9093476352,2.866174,,14.84764,,0.00012672077011884826,0.012672077011884825,3172688173.153479
EL,Estée Lauder Companies (The),Consumer Staples,Personal Care Products,"New York City, New York",2006-01-05,1001250,1946,1946.0,80.0,EL,31400144896,7.786641,,27.557686,1.69,0.00043757198996722505,0.04375719899672251,4032566147.071632
CF,CF Industries,Materials,Fertilizers & Agricultural Chemicals,"Deerfield, Illinois",2008-08-27,1324404,1946,1946.0,80.0,CF,18713552896,3.8664424,13.565702,13.100023,1.56,0.0002607798979011325,0.026077989790113252,4839992675.437244
MTD,Mettler Toledo,Health Care,Life Sciences Tools & Services,"Columbus, Ohio",2016-09-06,1037646,1945,1945.0,81.0,MTD,26961592320,-1146.8864,31.650465,26.008886,,0.0003757192090425776,0.03757192090425776,-23508511.671251833
SO,Southern Company,Utilities,Electric Utilities,"Atlanta, Georgia",1957-03-04,92122,1945,1945.0,81.0,SO,105808486400,2.916809,24.005116,19.085577,3.17,0.0014744782262251911,0.14744782262251913,36275425096.39815
STZ,Constellation Brands,Consumer Staples,Distillers & Vintners,"Rochester, New York",2005-07-01,16918,1945,1945.0,81.0,STZ,26123036672,3.242342,15.767151,12.169165,2.75,0.00036403364310621286,0.036403364310621286,8056841835.932176
SYK,Stryker Corporation,Health Care,Health Care Equipment,"Kalamazoo, Michigan",2000-12-12,310764,1941,1941.0,85.0,SYK,111348842496,4.9602485,34.570747,17.382881,1.19,0.0015516850241582348,0.15516850241582347,22448238731.587746
MCD,McDonald's,Consumer Discretionary,Restaurants,"Chicago, Illinois",1970-06-30,63908,1940,1940.0,86.0,MCD,201597812736,-112.58832,23.733053,19.754345,2.61,0.002809335956381808,0.2809335956381808,-1790574837.0346055
APD,Air Products,Materials,Industrial Gases,"Upper Macungie Township, Pennsylvania",1985-04-30,2969,1940,1940.0,86.0,APD,67031339008,4.283153,31.753164,21.133627,2.38,0.000934105129038263,0.0934105129038263,15649998729.44067
NUE,Nucor,Materials,Steel,"Charlotte, North Carolina",1985-04-30,73309,1940,1940.0,86.0,NUE,53094289408,2.54231,23.151937,14.844415,0.97,0.0007398874734209863,0.07398874734209862,20884270371.433853
HPQ,HP Inc.,Information Technology,"Technology Hardware, Storage & Peripherals","Palo Alto, California",1974-12-31,47217,1939 (2015),1939.0,87.0,HPQ,19516350464,-25.461079,8.05303,7.148549,5.67,0.00027196716249924455,0.027196716249924455,-766517022.4718285
DG,Dollar General,Consumer Staples,Consumer Staples Merchandise Retail,"Goodlettsville, Tennessee",2012-12-03,29534,1939,1939.0,87.0,DG,25493377024,2.9949265,16.899256,14.507199,2.02,0.00035525911591565454,0.03552591159156546,8512187869.719007
BRO,Brown & Brown,Financials,Insurance Brokers,"Daytona Beach, Florida",2021-09-20,79282,1939,1939.0,87.0,BRO,19277658112,1.5134783,18.526058,11.663533,1.12,0.00026864090117782296,0.026864090117782295,12737320457.12185
TSCO,Tractor Supply,Consumer Discretionary,Other Specialty Retail,"Brentwood, Tennessee",2014-01-24,916365,1938,1938.0,88.0,TSCO,17040623616,6.609841,15.9482765,13.967745,2.94,0.00023746704388251017,0.02374670438825102,2578068612.5430245
DRI,Darden Restaurants,Consumer Discretionary,Restaurants,"Orlando, Florida",1995-05-31,940944,1938,1938.0,88.0,DRI,22561689600,10.738395,20.757124,17.325596,3.08,0.00031440502736509556,0.03144050273650956,2101029958.387636
RVTY,Revvity,Health Care,Health Care Equipment,"Waltham, Massachusetts",1985-05-31,31791,1937,1937.0,89.0,RVTY,11078591488,1.5345423,47.639423,16.819489,0.3,0.0001543840431148984,0.01543840431148984,7219476118.709794
PGR,Progressive Corporation,Financials,Property & Casualty Insurance,"Mayfield Village, Ohio",1997-08-04,80661,1937,1937.0,89.0,PGR,116754980864,3.652059,10.163164,12.380432,7.03,0.0016270214511575022,0.1627021451157502,31969631614.3852
TROW,T. Rowe Price,Financials,Asset Management & Custody Banks,"Baltimore, Maryland",2019-07-29,1113169,1937,1937.0,89.0,TROW,22806538240,2.142167,11.420602,11.089106,4.99,0.00031781707871073175,0.03178170787107318,10646480055.009716
MS,Morgan Stanley,Financials,Investment Banking & Brokerage,"New York City, New York",1993-07-29,895421,1935,1935.0,91.0,MS,306536415232,2.999208,17.502268,15.197317,2.11,0.00427169204647755,0.427169204647755,102205787405.20831
IVZ,Invesco,Financials,Asset Management & Custody Banks,"Atlanta, Georgia",2008-08-21,914208,1935,1935.0,91.0,IVZ,12124255232,1.2492578,,9.217662,3.21,0.000168955732730157,0.0168955732730157,9705166725.394869
AVY,Avery Dennison,Materials,Paper & Plastic Packaging Products & Materials,"Mentor, Ohio",1987-12-31,8818,1935,1935.0,91.0,AVY,12784641024,5.730859,18.822128,14.968579,2.47,0.00017815843947270878,0.017815843947270878,2230842012.3405585
TSN,Tyson Foods,Consumer Staples,Packaged Foods & Meats,"Springdale, Arkansas",2005-08-10,100493,1935,1935.0,91.0,TSN,24029310976,1.3330729,53.73228,15.110081,2.98,0.00033485684400930995,0.03348568440093099,18025504063.58122
NDSN,Nordson Corporation,Industrials,Industrial Machinery & Supplies & Components,"Westlake, Ohio",2022-02-15,72331,1935,1935.0,91.0,NDSN,16008499200,5.143935,31.057901,23.265007,1.16,0.00022308402953341358,0.02230840295334136,3112111486.6342597
SW,Smurfit Westrock,Materials,Paper & Plastic Packaging Products & Materials,"Dublin, Ireland",2024-07-08,2005951,1934,1934.0,92.0,SW,21961932800,1.190104,58.15972,13.221749,4.58,0.00030604720680912076,0.030604720680912075,18453792945.826584
ODFL,Old Dominion,Industrials,Cargo Ground Transportation,"Thomasville, North Carolina",2019-12-09,878927,1934,1934.0,92.0,ODFL,41676787712,9.46601,41.832634,32.25864,0.59,0.0005807805981463657,0.05807805981463657,4402782979.52358
APH,Amphenol,Information Technology,Electronic Components,"Wallingford, Connecticut",2008-09-30,820313,1932,1932.0,94.0,APH,169095888896,12.0967455,39.40974,24.440214,0.73,0.002356410291881333,0.23564102918813332,13978626639.371721
HSIC,Henry Schein,Health Care,Health Care Distributors,"Melville, New York",2015-03-17,1000228,1932,1932.0,94.0,HSIC,8193951232,2.554854,21.634441,12.169941,,0.00011418557328814675,0.011418557328814674,3207209191.601555
ALL,Allstate,Financials,Property & Casualty Insurance,"Northbrook, Illinois",1995-07-13,899051,1931,1931.0,95.0,ALL,56326270976,1.9068078,4.8398585,8.395211,1.98,0.0007849262657874288,0.07849262657874288,29539563964.44361
BAX,Baxter International,Health Care,Health Care Equipment,"Deerfield, Illinois",1972-09-30,10456,1931,1931.0,95.0,BAX,8769695744,1.4511666,,8.425929,1.19,0.0001222087742212304,0.01222087742212304,6043203960.179348
AME,Ametek,Industrials,Electrical Components & Equipment,"Berwyn, Pennsylvania",2013-09-23,1037868,1930,1930.0,96.0,AME,55643615232,5.0959277,36.727684,27.563038,0.58,0.0007754132194828975,0.07754132194828975,10919231690.041443
TXN,Texas Instruments,Information Technology,Semiconductors,"Dallas, Texas",2001-03-12,97476,1930,1930.0,96.0,TXN,264858304512,15.784748,49.832775,31.633839,2.02,0.0036908930117524608,0.3690893011752461,16779381242.7034
CTAS,Cintas,Industrials,Diversified Support Services,"Mason, Ohio",2001-03-01,723254,1929,1929.0,97.0,CTAS,68050812928,14.208504,35.88397,31.353746,1.06,0.000948311854305665,0.0948311854305665,4789442500.632016
DAL,Delta Air Lines,Industrials,Passenger Airlines,"Atlanta, Georgia",2013-09-11,27904,1929,1929.0,97.0,DAL,47993442304,2.3426228,10.664234,9.1423235,1.06,0.0006688053868507372,0.06688053868507372,20487055066.65435
MAS,Masco,Industrials,Building Products,"Livonia, Michigan",1981-06-30,62996,1929,1929.0,97.0,MAS,14432081920,-59.616665,17.707922,15.220079,1.82,0.0002011161039549494,0.02011161039549494,-242081336.1498836
MSI,Motorola Solutions,Information Technology,Communications Equipment,"Chicago, Illinois",1957-03-04,68505,1928 (2011),1928.0,98.0,MSI,71660355584,29.645216,33.81647,23.616898,1.11,0.0009986120923487927,0.09986120923487928,2417265422.6570654
AJG,Arthur J. Gallagher & Co.,Financials,Insurance Brokers,"Rolling Meadows, Illinois",2016-05-31,354190,1927,1927.0,99.0,AJG,51814924288,2.1793778,32.683956,13.571098,1.36,0.0007220590734786544,0.07220590734786544,23775099612.375603
MAR,Marriott International,Consumer Discretionary,"Hotels, Resorts & Cruise Lines","Bethesda, Maryland",1998-05-29,1048286,1927,1927.0,99.0,MAR,95754813440,-25.476593,38.03789,27.818962,0.76,0.0013343767808924568,0.13343767808924567,-3758540768.7754793
ZBH,Zimmer Biomet,Health Care,Health Care Equipment,"Warsaw, Indiana",2001-08-07,1136869,1927,1927.0,99.0,ZBH,16146378752,1.2736346,21.621761,9.280345,1.16,0.00022500542926402804,0.022500542926402804,12677402727.595497
GWW,W. W. Grainger,Industrials,Industrial Machinery & Supplies & Components,"Lake Forest, Illinois",1981-06-30,277135,1927,1927.0,99.0,GWW,55239770112,14.813611,32.960182,24.035471,0.82,0.0007697854966369605,0.07697854966369605,3728987490.7610307
SLB,Schlumberger,Energy,Oil & Gas Equipment & Services,"Houston, Texas",1957-03-04,87347,1926,1926.0,100.0,SLB,82549612544,3.0178728,24.32379,16.525747,2.11,0.001150357692664753,0.11503576926647531,27353575851.1757
CAT,Caterpillar Inc.,Industrials,Construction Machinery & Heavy Transportation Equipment,"Irving, Texas",1957-03-04,18230,1925,1925.0,101.0,CAT,425828810752,22.958158,46.042084,31.547747,0.67,0.005934073257409261,0.5934073257409261,18548039034.838943
GPC,Genuine Parts Company,Consumer Discretionary,Distributors,"Atlanta, Georgia",1973-12-31,40987,1925,1925.0,101.0,GPC,14759463936,3.2624002,241.11363,12.670366,4.08,0.00020567828673133685,0.020567828673133684,4524112012.9897
ERIE,Erie Indemnity,Financials,Insurance Brokers,"Erie, Pennsylvania",2024-09-23,922621,1925,1925.0,101.0,ERIE,11356836864,4.8254795,19.870996,15.502498,2.64,0.00015826148964512152,0.015826148964512152,2353514684.706463
ECL,Ecolab,Materials,Specialty Chemicals,"Saint Paul, Minnesota",1989-01-31,31462,1923,1923.0,103.0,ECL,74583375872,7.6225486,35.73521,27.459581,1.07,0.0010393454013309963,0.10393454013309963,9784572035.65747
HAS,Hasbro,Consumer Discretionary,Leisure Products,"Pawtucket, Rhode Island",1984-09-30,46080,1923,1923.0,103.0,HAS,13778536448,25.380606,,15.360489,2.96,0.00019200871946152502,0.0192008719461525,542876574.6570432
WST,West Pharmaceutical Services,Health Care,Health Care Supplies,"Exton, Pennsylvania",2020-05-22,105770,1923,1923.0,103.0,WST,22172747776,7.441083,42.01473,32.852486,0.28,0.0003089849871559549,0.03089849871559549,2979774285.0066314
TXT,Textron,Industrials,Aerospace & Defense,"Providence, Rhode Island",1978-12-31,217346,1923,1923.0,103.0,TXT,16196019200,2.0616229,17.774809,12.76338,0.09,0.00022569718625069698,0.0225697186250697,7855956198.391083
DIS,Walt Disney Company (The),Communication Services,Movies & Entertainment,"Burbank, California",1976-06-30,1744489,1923,1923.0,103.0,DIS,191076139008,1.7659098,15.885125,14.712161,1.49,0.0026627127568330275,0.2662712756833027,108202660751.98178
RTX,RTX Corporation,Industrials,Aerospace & Defense,"Waltham, Massachusetts",1957-03-04,101829,1922,1922.0,104.0,RTX,238598635520,3.6450512,33.30357,23.468443,1.6,0.0033249553495293214,0.33249553495293216,65458239796.46706
NEM,Newmont,Materials,Gold,"Denver, Colorado",1969-06-30,1164727,1921,1921.0,105.0,NEM,121989251072,3.5105991,14.821012,10.078959,0.95,0.0016999628352984554,0.16999628352984553,34748841322.2689
PPL,PPL Corporation,Utilities,Electric Utilities,"Allentown, Pennsylvania",2001-10-01,922224,1920,1920.0,106.0,PPL,27927891968,1.8739277,23.352201,17.548338,3.05,0.00038918493225119415,0.038918493225119415,14903398870.72484
SNA,Snap-on,Industrials,Industrial Machinery & Supplies & Components,"Kenosha, Wisconsin",1982-09-30,91440,1920,1920.0,106.0,SNA,19974819840,3.371661,19.917355,18.107536,2.58,0.0002783560934376144,0.02783560934376144,5924326271.235454
OXY,Occidental Petroleum,Energy,Oil & Gas Exploration & Production,"Houston, Texas",1957-03-04,797468,1920,1920.0,106.0,OXY,54806032384,1.9639304,74.682434,15.225986,1.75,0.0007637412098544177,0.07637412098544176,27906300744.669975
CAG,Conagra Brands,Consumer Staples,Packaged Foods & Meats,"Chicago, Illinois",1983-08-31,23217,1919,1919.0,107.0,CAG,6753140224,0.82718,,8.342445,10.0,9.410736848923972e-05,0.009410736848923972,8164051626.006432
AIG,American International Group,Financials,Multi-line Insurance,"New York City, New York",1980-03-31,5272,1919,1919.0,107.0,AIG,41387896832,1.0295436,13.742958,8.807123,2.55,0.0005767548027984886,0.057675480279848854,40200237107.00547
HLT,Hilton Worldwide,Consumer Discretionary,"Hotels, Resorts & Cruise Lines","Tysons Corner, Virginia",2017-06-19,1585689,1919,1919.0,107.0,HLT,73221955584,-12.436973,49.18119,30.845394,0.19,0.0010203735339534734,0.10203735339534735,-5887441870.622377
HAL,Halliburton,Energy,Oil & Gas Equipment & Services,"Houston, Texas",1957-03-04,45012,1919,1919.0,107.0,HAL,33670707200,3.1295133,22.267956,14.125452,1.63,0.0004692130689812398,0.04692130689812398,10759087427.428411
CMI,Cummins,Industrials,Construction Machinery & Heavy Transportation Equipment,"Columbus, Indiana",1965-03-31,26172,1919,1919.0,107.0,CMI,98007228416,7.9273887,36.862976,21.693167,1.16,0.0013657649705503285,0.13657649705503286,12363116295.281446
LNT,Alliant Energy,Utilities,Electric Utilities,"Madison, Wisconsin",2016-07-01,352541,1917,1917.0,109.0,LNT,18709549056,2.5207922,22.779875,19.688957,2.85,0.00026072410299183787,0.026072410299183786,7422090982.350708
SPGI,S&P Global,Financials,Financial Exchanges & Data,"New York City, New York",1957-03-04,64040,1917,1917.0,109.0,SPGI,125891969024,4.0827346,26.901371,19.153091,0.92,0.0017543485735233447,0.17543485735233447,30835207614.033985
PH,Parker Hannifin,Industrials,Industrial Machinery & Supplies & Components,"Cleveland, Ohio",1985-11-30,76334,1917,1917.0,109.0,PH,113751359488,7.956696,33.24134,26.495012,0.92,0.0015851649378529461,0.15851649378529462,14296305839.509264
AOS,A. O. Smith,Industrials,Building Products,"Milwaukee, Wisconsin",2017-07-26,91142,1916,1916.0,110.0,AOS,8407545856,4.548505,16.266666,14.595431,2.41,0.00011716208900103721,0.011716208900103721,1848419613.9171004
BA,Boeing,Industrials,Aerospace & Defense,"Arlington, Virginia",1957-03-04,12927,1916,1916.0,110.0,BA,180544962560,30.171268,90.169334,53.402405,,0.002515957133560908,0.2515957133560908,5984003143.653093
CLX,Clorox,Consumer Staples,Household Products,"Oakland, California",1969-03-31,21076,1913,1913.0,113.0,CLX,10811578368,-161.3899,14.538212,14.163871,5.76,0.00015066312199645346,0.015066312199645346,-66990427.33157403
ETR,Entergy,Utilities,Electric Utilities,"New Orleans, Louisiana",1957-03-04,65984,1913,1913.0,113.0,ETR,51615985664,3.0134716,28.760202,22.477646,2.18,0.0007192867942463981,0.0719286794246398,17128412845.835348
ITW,Illinois Tool Works,Industrials,Industrial Machinery & Supplies & Components,"Glenview, Illinois",1986-02-28,49826,1912,1912.0,114.0,ITW,75153907712,23.335121,24.212626,21.444796,2.53,0.0010472959618585138,0.10472959618585138,3220635012.43469
FCX,Freeport-McMoRan,Materials,Copper,"Phoenix, Arizona",2011-07-01,831259,1912,1912.0,114.0,FCX,87409057792,4.364413,32.17196,16.41391,1.04,0.0012180757600286716,0.12180757600286717,20027677901.243534
NI,NiSource,Utilities,Multi-Utilities,"Merrillville, Indiana",2000-11-02,1111711,1912,1912.0,114.0,NI,22808805376,2.4131227,24.443077,21.338968,2.49,0.00031784867204300243,0.031784867204300245,9451987408.680046
IBM,IBM,Information Technology,IT Consulting & Other Services,"Armonk, New York",1957-03-04,51143,1911,1911.0,115.0,IBM,212042825728,6.4306073,19.982727,16.768942,2.95,0.0029548908617900685,0.2954890861790069,32973996985.945633
ETN,Eaton Corporation,Industrials,Electrical Components & Equipment,"Dublin, Ireland",1957-03-04,1551182,1911,1911.0,115.0,ETN,161716174848,8.323382,39.92433,26.801228,1.07,0.002253571398237126,0.22535713982371258,19429142486.55174
VMC,Vulcan Materials Company,Materials,Construction Materials,"Birmingham, Alabama",1999-06-30,1396009,1909,1909.0,117.0,VMC,38196596736,4.5096974,34.83728,27.154839,0.71,0.0005322829209579941,0.053228292095799414,8469880204.379123
MCO,Moody's Corporation,Financials,Financial Exchanges & Data,"New York City, New York",1998-07-01,1059556,1909,1909.0,117.0,MCO,78592163840,26.250292,32.253048,24.230663,0.91,0.0010952092622884624,0.10952092622884624,2993953889.7319694
XEL,Xcel Energy,Utilities,Multi-Utilities,"Minneapolis, Minnesota",1957-03-04,72903,1909,1909.0,117.0,XEL,50241216512,2.1257825,23.193085,17.767965,2.91,0.0007001289057850991,0.07001289057850991,23634222462.552025
EVRG,Evergy,Utilities,Electric Utilities,"Kansas City, Missouri",2018-06-05,1711269,1909,1909.0,117.0,EVRG,18615019520,1.8210182,22.086065,17.804594,3.41,0.00025940680088016937,0.025940680088016938,10222313824.211092
GM,General Motors,Consumer Discretionary,Automobile Manufacturers,"Detroit, Michigan",2013-06-06,1467858,1908,1908.0,118.0,GM,70690553856,1.1398662,28.613138,5.582523,0.95,0.0009850975664317907,0.09850975664317907,62016536551.39525
ALLE,Allegion,Industrials,Building Products,"Dublin, Ireland",2013-12-02,1579241,1908,1908.0,118.0,ALLE,11698449408,5.5674615,18.596994,14.262172,1.6,0.00016302197980116816,0.016302197980116815,2101217836.5310652
WMB,Williams Companies,Energy,Oil & Gas Storage & Transportation,"Tulsa, Oklahoma",1975-03-31,107263,1908,1908.0,118.0,WMB,90202234880,7.0565443,32.348682,28.533348,2.76,0.0012569996586531877,0.12569996586531879,12782777382.974836
UPS,United Parcel Service,Industrials,Air Freight & Logistics,"Sandy Springs, Georgia",2002-07-22,1090727,1907,1907.0,119.0,UPS,84911472640,5.2286034,16.170599,12.609927,6.69,0.001183271038308663,0.1183271038308663,16239799836.415209
HON,Honeywell,Industrials,Industrial Conglomerates,"Charlotte, North Carolina",1957-03-04,773840,1906,1906.0,120.0,HON,137545236480,10.121094,34.730736,18.914742,2.28,0.00191674092703735,0.191674092703735,13589957417.64675
ATO,Atmos Energy,Utilities,Gas Utilities,"Dallas, Texas",2019-02-15,731802,1906,1906.0,120.0,ATO,30478833664,2.1338735,23.988295,20.780237,2.14,0.00042473319605399216,0.04247331960539922,14283336694.513523
CBRE,CBRE Group,Real Estate,Real Estate Services,"Dallas, Texas",2006-11-10,1138118,1906,1906.0,120.0,CBRE,42707300352,4.934366,33.299088,16.47146,,0.0005951411518337667,0.05951411518337667,8655073489.076408
AEP,American Electric Power,Utilities,Electric Utilities,"Columbus, Ohio",1957-03-04,4904,1906,1906.0,120.0,AEP,72247730176,2.3087144,19.957207,19.329716,2.82,0.0010067973625100897,0.10067973625100897,31293489647.745083
OKE,Oneok,Energy,Oil & Gas Storage & Transportation,"Tulsa, Oklahoma",2010-03-15,1039684,1906,1906.0,120.0,OKE,53615792128,2.383286,15.16934,13.7739935,4.75,0.0007471547960311055,0.07471547960311055,22496583342.494354
PCG,PG&E Corporation,Utilities,Multi-Utilities,"Oakland, California",2022-10-03,1004980,1905,1905.0,121.0,PCG,35620982784,1.1483032,12.538759,8.978629,1.22,0.00049639084064764,0.049639084064764,31020537767.377117
MRSH,Marsh McLennan,Financials,Insurance Brokers,"New York City, New York",1987-08-31,62709,1905,1905.0,121.0,MRSH,79734579200,5.4772463,20.686874,14.624945,2.15,0.001111129219476558,0.1111129219476558,14557420797.381342
PCAR,Paccar,Industrials,Construction Machinery & Heavy Transportation Equipment,"Bellevue, Washington",1980-12-31,75362,1905,1905.0,121.0,PCAR,61272879104,3.1753716,24.771278,17.186201,1.23,0.0008538589783378329,0.0853858978337833,19296286174.506317
CHRW,C.H. Robinson,Industrials,Air Freight & Logistics,"Eden Prairie, Minnesota",2007-03-02,1043277,1905,1905.0,121.0,CHRW,19730767872,11.605768,33.816162,23.001379,1.51,0.000274955143994646,0.027495514399464602,1700082913.2548575
DUK,Duke Energy,Utilities,Electric Utilities,"Charlotte, North Carolina",1976-06-30,1326160,1904,1904.0,122.0,DUK,97732362240,1.8273063,19.296467,17.534897,3.34,0.001361934614352758,0.1361934614352758,53484389694.27293
LOW,Lowe's,Consumer Discretionary,Home Improvement Retail,"Mooresville, North Carolina",1984-02-29,60667,1904/1946/1959,1904.0,122.0,LOW,130181021696,-13.14929,19.615189,17.059917,2.13,0.0018141180210522433,0.18141180210522434,-9900232004.617739
ROK,Rockwell Automation,Industrials,Electrical Components & Equipment,"Milwaukee, Wisconsin",2000-03-12,1024478,1903,1903.0,123.0,ROK,50989576192,13.60258,47.09346,32.955585,1.27,0.0007105575593939731,0.07105575593939731,3748522426.774921
F,Ford Motor Company,Consumer Discretionary,Automobile Manufacturers,"Dearborn, Michigan",1957-03-04,37996,1903,1903.0,123.0,F,48473788416,1.2942866,,6.575036,5.13,0.0006754991777487415,0.06754991777487415,37452128775.805916
PEG,Public Service Enterprise Group,Utilities,Electric Utilities,"Newark, New Jersey",1957-03-04,788784,1903,1903.0,123.0,PEG,39612862464,2.327273,17.557522,16.891504,3.33,0.000552019078704269,0.0552019078704269,17021149845.334003
MMM,3M,Industrials,Industrial Conglomerates,"Saint Paul, Minnesota",1957-03-04,66740,1902,1902.0,124.0,MMM,76603006976,23.476791,28.353437,15.537871,2.18,0.0010674896664005999,0.10674896664005999,3262924944.7251973
ADM,Archer Daniels Midland,Consumer Staples,Agricultural Products & Services,"Chicago, Illinois",1957-03-04,7084,1902,1902.0,124.0,ADM,36927619072,1.618032,34.20982,15.576913,2.63,0.0005145992738442774,0.051459927384427735,22822551761.646248
TGT,Target Corporation,Consumer Staples,Consumer Staples Merchandise Retail,"Minneapolis, Minnesota",1976-12-31,27419,1902,1902.0,124.0,TGT,58897571840,3.6327982,15.950798,15.240207,3.54,0.0008207582417095607,0.08207582417095606,16212728755.481106
AEE,Ameren,Utilities,Multi-Utilities,"St. Louis, Missouri",1991-09-19,1002910,1902,1902.0,124.0,AEE,30099871744,2.2440393,20.336449,18.76095,2.69,0.00041945222929395265,0.041945222929395266,13413255170.709354
WY,Weyerhaeuser,Real Estate,Timber REITs,"Seattle, Washington",1979-10-01,106535,1900,1900.0,126.0,WY,17506916352,1.8547095,43.357143,34.243484,3.54,0.00024396499607587008,0.024396499607587007,9439168965.274616
GL,Globe Life,Financials,Life & Health Insurance,"McKinney, Texas",1989-04-30,320335,1900,1900.0,126.0,GL,12129096704,1.9792372,10.707756,9.305147,0.86,0.0001690232003340304,0.01690232003340304,6128167308.092229
GD,General Dynamics,Industrials,Aerospace & Defense,"Reston, Virginia",1957-03-04,40533,1899,1899.0,127.0,GD,93952851968,3.6608293,21.864065,19.233305,1.74,0.0013092658181959834,0.13092658181959835,25664362981.360535
EFX,Equifax,Industrials,Research & Consulting Services,"Atlanta, Georgia",1997-06-19,33185,1899,1899.0,127.0,EFX,20814292992,4.533249,30.37676,16.752562,1.21,0.0002900544451127843,0.029005444511278428,4591473574.9128275
IP,International Paper,Materials,Paper & Plastic Packaging Products & Materials,"Memphis, Tennessee",1957-03-04,51434,1898,1898.0,128.0,IP,17663660032,1.2288198,,12.459337,5.81,0.0002461492740210691,0.024614927402106912,14374491713.105536
PEP,PepsiCo,Consumer Staples,Soft Drinks & Non-alcoholic Beverages,"Purchase, New York",1957-03-04,77476,1898,1898.0,128.0,PEP,213174435840,9.976969,24.481947,17.03811,3.67,0.0029706602440720577,0.29706602440720575,21366653122.807137
SJM,J.M. Smucker Company (The),Consumer Staples,Packaged Foods & Meats,"Orrville, Ohio",2008-11-06,91419,1897,1897.0,129.0,SJM,10337421312,1.9751803,,9.73442,4.55,0.0001440555777561926,0.014405557775619261,5233659586.418515
BDX,Becton Dickinson,Health Care,Health Care Equipment,"Franklin Lakes, New Jersey",1972-09-30,10795,1897,1897.0,129.0,BDX,41074139136,1.626215,23.63175,10.688612,2.91,0.0005723824796814784,0.057238247968147846,25257508469.667294
WEC,WEC Energy Group,Utilities,Electric Utilities,"Milwaukee, Wisconsin",2008-10-31,783325,1896,1896.0,130.0,WEC,37214437376,2.731598,22.897797,19.03125,3.31,0.0005185961871214608,0.051859618712146074,13623687444.492199
LII,Lennox International,Industrials,Building Products,"Richardson, Texas",2024-12-23,1069202,1895,1895.0,131.0,LII,18848706560,16.203854,24.06175,20.342308,1.0,0.00026266331143007373,0.026266331143007374,1163223672.5904837
AMP,Ameriprise Financial,Financials,Asset Management & Custody Banks,"Minneapolis, Minnesota",2005-10-03,820027,1894,1894.0,132.0,AMP,42905620480,6.6361012,11.872351,10.028511,1.43,0.0005979048121081678,0.05979048121081679,6465486162.266483
HSY,Hershey Company (The),Consumer Staples,Packaged Foods & Meats,"Hershey, Pennsylvania",1957-03-04,47111,1894,1894.0,132.0,HSY,38000676864,8.195459,34.951492,18.92476,3.14,0.0005295527090895742,0.05295527090895742,4636796653.366212
AIZ,Assurant,Financials,Multi-line Insurance,"Atlanta, Georgia",2007-04-10,1267238,1892,1892.0,134.0,AIZ,11778607104,2.0062754,12.119877,10.70092,1.42,0.00016413900530108476,0.016413900530108477,5870882484.0298605
GE,GE Aerospace,Industrials,Aerospace & Defense,"Evendale, Ohio",1957-03-04,40545,1892,1892.0,134.0,GE,318882021376,17.137403,37.866005,35.188656,0.66,0.0044437323815038334,0.4443732381503833,18607371337.185688
MRK,Merck & Co.,Health Care,Pharmaceuticals,"Kenilworth, New Jersey",1957-03-04,310158,1891,1891.0,135.0,MRK,280596774912,5.3443413,32.00282,11.717734,3.0,0.003910214095612986,0.3910214095612986,52503528341.64989
HRL,Hormel Foods,Consumer Staples,Packaged Foods & Meats,"Austin, Minnesota",2009-03-04,48465,1891,1891.0,135.0,HRL,11388132352,1.4343637,23.25281,13.171042,5.59,0.0001586976032046771,0.015869760320467708,7939501224.131648
EMR,Emerson Electric,Industrials,Electrical Components & Equipment,"Ferguson, Missouri",1965-03-31,32604,1890,1890.0,136.0,EMR,82794397696,4.083176,34.10208,20.635708,1.6,0.0011537688592829273,0.11537688592829273,20276960311.287098
MKC,McCormick & Company,Consumer Staples,Packaged Foods & Meats,"Hunt Valley, Maryland",2003-03-20,63754,1889,1889.0,137.0,MKC,13150465024,1.8830844,8.018853,14.6179,3.96,0.0001832563247273135,0.01832563247273135,6983470854.51932
NTRS,Northern Trust,Financials,Asset Management & Custody Banks,"Chicago, Illinois",1998-01-30,73124,1889,1889.0,137.0,NTRS,30253377536,2.5059013,17.119371,13.847903,1.98,0.0004215913861385916,0.042159138613859164,12072852803.89934
HWM,Howmet Aerospace,Industrials,Aerospace & Defense,"Pittsburgh, Pennsylvania",2016-10-21,4281,1888,1888.0,138.0,HWM,102578511872,19.194613,68.960915,45.554173,0.2,0.0014294674026623848,0.1429467402662385,5344130244.876518
HUBB,Hubbell Incorporated,Industrials,Industrial Machinery & Supplies & Components,"Shelton, Connecticut",2023-10-18,48898,1888,1888.0,138.0,HUBB,26536083456,6.9500113,29.69722,23.111092,1.12,0.0003697895943549431,0.03697895943549431,3818135296.5569997
TPL,Texas Pacific Land Corporation,Energy,Oil & Gas Exploration & Production,"Dallas, Texas",2024-11-26,1811074,1888,1888.0,138.0,TPL,28939593728,19.835089,60.22525,5.7408366,0.56,0.0004032833497534949,0.04032833497534949,1459010026.5242066
ABT,Abbott Laboratories,Health Care,Health Care Equipment,"North Chicago, Illinois",1957-03-04,1800,1888,1888.0,138.0,ABT,151659675648,2.913112,24.389357,14.358627,2.89,0.0021134305682625363,0.21134305682625362,52061052114.71444
EQT,EQT Corporation,Energy,Oil & Gas Exploration & Production,"Pittsburgh, Pennsylvania",2022-10-03,33213,1888,1888.0,138.0,EQT,35858657280,1.5062662,10.878558,12.263075,1.12,0.0004997029177900747,0.04997029177900747,23806321405.87102
CMS,CMS Energy,Utilities,Multi-Utilities,"Jackson, Michigan",1957-03-04,811156,1886,1886.0,140.0,CMS,22912567296,2.4790266,20.545706,17.770718,3.04,0.0003192946306513974,0.03192946306513974,9242566133.013659
AWK,American Water Works,Utilities,Water Utilities,"Camden, New Jersey",2016-03-04,1410636,1886,1886.0,140.0,AWK,24634638336,2.2319927,22.40675,19.184183,2.84,0.0003432922922651729,0.034329229226517294,11037060441.998756
EIX,Edison International,Utilities,Electric Utilities,"Rosemead, California",1957-03-04,827052,1886,1886.0,140.0,EIX,26439192576,1.5477664,7.468478,10.551111,5.1,0.00036843938608960877,0.036843938608960874,17082159540.35441
KO,Coca-Cola Company (The),Consumer Staples,Soft Drinks & Non-alcoholic Beverages,"Atlanta, Georgia",1957-03-04,21344,1886,1886.0,140.0,KO,340068204544,10.11259,24.855345,22.725313,2.7,0.004738969246153232,0.47389692461532323,33628200544.46981
JNJ,Johnson & Johnson,Health Care,Pharmaceuticals,"New Brunswick, New Jersey",1973-06-30,200406,1886,1886.0,140.0,JNJ,539120304128,6.6388025,25.921295,17.620163,2.38,0.007512829800319675,0.7512829800319675,81207462359.0625
JCI,Johnson Controls,Industrials,Building Products,"Cork, Ireland",2010-08-27,833444,1885,1885.0,141.0,JCI,86319693824,6.536732,47.325504,25.323252,1.1,0.0012028950925236286,0.12028950925236286,13205328568.4651
KR,Kroger,Consumer Staples,Food Retail,"Cincinnati, Ohio",1957-03-04,56873,1883,1883.0,143.0,KR,41546547200,7.095763,42.62987,11.675615,2.09,0.000578965651107142,0.0578965651107142,5855120471.188229
PPG,PPG Industries,Materials,Specialty Chemicals,"Pittsburgh, Pennsylvania",1957-03-04,79879,1883,1883.0,143.0,PPG,25002692608,3.1559844,16.0702,13.01797,2.67,0.00034842125713932846,0.034842125713932845,7922311849.19672
CNP,CenterPoint Energy,Utilities,Multi-Utilities,"Houston, Texas",1985-07-31,1130310,1882,1882.0,144.0,CNP,27808743424,2.428865,26.079754,20.412867,2.11,0.0003875245556614537,0.03875245556614537,11449275041.634672
NSC,Norfolk Southern,Industrials,Rail Transportation,"Atlanta, Georgia",1957-03-04,702165,1881/1894 (1980),1881.0,145.0,NSC,71524204544,4.525701,26.806396,23.613977,1.72,0.0009967147800368202,0.09967147800368202,15804005731.708746
BALL,Ball Corporation,Materials,"Metal, Glass & Plastic Containers","Broomfield, Colorado",1984-10-31,9389,1880,1880.0,146.0,BALL,15882683392,2.9212356,17.397959,13.277664,1.4,0.00022133074229036944,0.022133074229036945,5436974474.77362
PFG,Principal Financial Group,Financials,Life & Health Insurance,"Des Moines, Iowa",2002-07-22,1126328,1879,1879.0,147.0,PFG,21960898560,1.8596463,14.586083,9.993542,3.25,0.0003060327943133695,0.03060327943133695,11809180358.652073
CVX,Chevron Corporation,Energy,Integrated Oil & Gas,"Houston, Texas",1957-03-04,93410,1879,1879.0,147.0,CVX,364835569664,1.9599596,32.149826,15.371172,3.7,0.005084111132526624,0.5084111132526624,186144433621.99915
LIN,Linde plc,Materials,Industrial Gases,"Guildford, United Kingdom",1992-07-01,1707925,1879,1879.0,147.0,LIN,232667037696,6.1011624,33.415005,25.531712,1.28,0.0032422964614213378,0.3242296461421338,38134870446.32675
LLY,Lilly (Eli),Health Care,Pharmaceuticals,"Indianapolis, Indiana",1970-12-31,59478,1876,1876.0,150.0,LLY,884166033408,33.434666,35.184704,22.65653,0.7,0.01232116259275769,1.232116259275769,26444589977.599895
PRU,Prudential Financial,Financials,Life & Health Insurance,"Newark, New Jersey",2002-07-22,1137774,1875,1875.0,151.0,PRU,34800001024,1.0726391,10.298661,6.7924814,5.44,0.0004849501729806651,0.04849501729806651,32443345598.720016
TFC,Truist Financial,Financials,Diversified Banks,"Charlotte, North Carolina",1997-12-04,92230,1872,1872.0,154.0,TFC,63265734656,1.0636337,12.569306,9.904369,4.16,0.0008816301167352534,0.08816301167352535,59480754188.21348
KMB,Kimberly-Clark,Consumer Staples,Household Products,"Irving, Texas",1957-03-04,55785,1872,1872.0,154.0,KMB,32843837440,18.2859,19.138298,13.058961,5.27,0.0004576903499770669,0.04576903499770669,1796129118.0636444
TT,Trane Technologies,Industrials,Building Products,"Dublin, Ireland",2010-11-17,1466258,1871,1871.0,155.0,TT,107577753600,12.563053,37.20604,28.612778,0.88,0.00149913358281835,0.149913358281835,8563026328.074872
BF.B,Brown–Forman,Consumer Staples,Distillers & Vintners,"Louisville, Kentucky",1982-10-31,14693,1870,1870.0,156.0,BF-B,12334539776,3.0216877,15.63372,15.821928,3.48,0.00017188612132174443,0.017188612132174444,4082003502.8768854
GS,Goldman Sachs,Financials,Investment Banking & Brokerage,"New York City, New York",2002-07-22,886982,1869,1869.0,157.0,GS,276177092608,2.6021636,17.09275,14.317067,1.96,0.00384862427852171,0.384862427852171,106133639179.33524
CPB,Campbell's Company (The),Consumer Staples,Packaged Foods & Meats,"Camden, New Jersey",1957-03-04,16732,1869,1869.0,157.0,CPB,6270021120,1.5647322,11.429348,9.609893,7.46,8.737493497886466e-05,0.008737493497886465,4007088957.458663
MET,MetLife,Financials,Life & Health Insurance,"New York City, New York",2000-12-11,1099219,1868,1868.0,158.0,MET,51989016576,1.85951,17.10828,7.3550954,2.97,0.0007244851103377332,0.07244851103377331,27958449578.65244
HBAN,Huntington Bancshares,Financials,Regional Banks,"Columbus, Ohio; Detroit, Michigan",1997-08-28,49196,1866,1866.0,160.0,HBAN,33792268288,1.1395174,12.823077,8.763998,3.78,0.00047090706521453474,0.047090706521453474,29654894508.850853
SHW,Sherwin-Williams,Materials,Specialty Chemicals,"Cleveland, Ohio",1964-06-30,89800,1866,1866.0,160.0,SHW,79819923456,17.333567,31.118752,24.376806,1.02,0.0011123185215021977,0.11123185215021977,4604933505.954083
UNP,Union Pacific Corporation,Industrials,Rail Transportation,"Omaha, Nebraska",1957-03-04,100885,1862,1862.0,164.0,UNP,159512936448,8.630859,22.130972,19.61579,2.09,0.0022228685013475314,0.22228685013475313,18481698802.865395
IR,Ingersoll Rand,Industrials,Industrial Machinery & Supplies & Components,"Davidson, North Carolina",2020-03-03,1699150,1859,1859.0,167.0,IR,30892130304,3.035687,53.337837,20.511889,0.11,0.00043049262913337917,0.04304926291333792,10176322626.146898
FITB,Fifth Third Bancorp,Financials,Regional Banks,"Cincinnati, Ohio",1996-03-29,35527,1858,1858.0,168.0,FITB,46061096960,1.6849464,17.121212,10.362113,3.18,0.000641877479343352,0.0641877479343352,27336832174.60211
GIS,General Mills,Consumer Staples,Packaged Foods & Meats,"Golden Valley, Minnesota",1957-03-04,40704,1856,1856.0,170.0,GIS,18801588224,3.4025497,8.613691,10.719807,7.06,0.0002620067009553211,0.02620067009553211,5525735075.669872
MTB,M&T Bank,Financials,Regional Banks,"Buffalo, New York",2004-02-23,36270,1856,1856.0,170.0,MTB,32348758016,1.2531496,12.223906,10.448805,2.78,0.0004507912452286966,0.04507912452286966,25813963485.285397
TRV,Travelers Companies (The),Financials,Property & Casualty Insurance,"New York City, New York",2002-08-21,86312,1853,1853.0,173.0,TRV,64401567744,2.0130007,9.037899,10.628404,1.66,0.0008974583476632608,0.08974583476632608,31992819348.746376
WFC,Wells Fargo,Financials,Diversified Banks,"San Francisco, California",1976-06-30,72971,1852,1852.0,174.0,WFC,246834888704,1.5163364,12.466771,10.2651825,2.25,0.003439730415298393,0.3439730415298393,162783725764.28293
GLW,Corning Inc.,Information Technology,Electronic Components,"Corning, New York",1995-02-27,24741,1851,1851.0,175.0,GLW,159316967424,13.436524,89.42754,45.794136,0.69,0.0022201376045288186,0.22201376045288185,11857007617.743994
AXP,American Express,Financials,Consumer Finance,"New York City, New York",1976-06-30,4962,1850,1850.0,176.0,AXP,219453243392,6.452373,20.076466,15.986952,1.2,0.0030581576210507184,0.30581576210507183,34011245690.848934
PFE,Pfizer,Health Care,Pharmaceuticals,"New York City, New York",1957-03-04,78003,1849,1849.0,177.0,PFE,150542352384,1.7400881,20.202291,9.348352,6.5,0.002097860278199084,0.2097860278199084,86514212920.59868
CME,CME Group,Financials,Financial Exchanges & Data,"Chicago, Illinois",2006-08-11,1156375,1848,1848.0,178.0,CME,104375803904,3.9150915,24.556269,22.383764,1.81,0.0014545132950810106,0.14545132950810105,26659863225.16345
CHD,Church & Dwight,Consumer Staples,Household Products,"Ewing, New Jersey",2015-12-29,313927,1847,1847.0,179.0,CHD,22604419072,5.398676,31.38158,23.818441,1.32,0.0003150004774865907,0.03150004774865907,4187030129.609556
PNC,PNC Financial Services,Financials,Diversified Banks,"Pittsburgh, Pennsylvania",1988-04-30,713676,1845,1845.0,181.0,PNC,89616916480,1.4038469,12.901858,10.580359,3.07,0.0012488430422458203,0.12488430422458202,63836673699.95973
SWK,Stanley Black & Decker,Industrials,Industrial Machinery & Supplies & Components,"New Britain, Connecticut",1982-09-30,93556,1843,1843.0,183.0,SWK,12627656704,1.3908533,33.290985,13.122419,4.29,0.000175970808125033,0.0175970808125033,9079071605.898336
BRK.B,Berkshire Hathaway,Financials,Multi-Sector Holdings,"Omaha, Nebraska",2010-02-16,1067983,1839,1839.0,187.0,BRK-B,1011786579968,1.4087871,13.957245,22.085495,,0.014099599498189863,1.4099599498189863,718196936902.6732
PG,Procter & Gamble,Consumer Staples,Personal Care Products,"Cincinnati, Ohio",1957-03-04,80424,1837,1837.0,189.0,PG,344935399424,6.4178333,21.656433,20.89213,2.94,0.004806795307346702,0.4806795307346702,53746394351.50178
DE,Deere & Company,Industrials,Agricultural & Farm Machinery,"Moline, Illinois",1957-03-04,315189,1837,1837.0,189.0,DE,159731990528,6.073442,33.35392,25.693804,1.13,0.002225921096487252,0.2225921096487252,26300076715.64164
MCK,McKesson Corporation,Health Care,Health Care Distributors,"Irving, Texas",1999-01-13,927653,1833,1833.0,193.0,MCK,90967760896,-70.375244,21.414936,16.838123,0.41,0.0012676675311519376,0.12676675311519375,-1292610237.997896
CFG,Citizens Financial Group,Financials,Regional Banks,"Providence, Rhode Island",2016-01-29,759944,1828,1828.0,198.0,CFG,27762200576,1.1623995,15.556873,10.269446,2.86,0.0003868759648130498,0.03868759648130498,23883527630.56075
KEY,KeyCorp,Financials,Regional Banks,"Cleveland, Ohio",1994-03-01,91576,1825,1825.0,201.0,KEY,24244787200,1.3864515,13.679938,10.382263,3.75,0.00033785958047560934,0.03378595804756093,17486934955.892796
ED,Consolidated Edison,Utilities,Multi-Utilities,"New York City, New York",1957-03-04,1047862,1823,1823.0,203.0,ED,39573966848,1.603544,19.045214,16.545443,3.18,0.000551477054705638,0.0551477054705638,24679065150.69122
BG,Bunge Global,Consumer Staples,Agricultural Products & Services,"Chesterfield, Missouri",2023-03-15,1996862,1818,1818.0,208.0,BG,24339570688,1.5169287,33.10026,11.523986,2.15,0.0003391804214971257,0.03391804214971257,16045296451.969034
HIG,Hartford (The),Financials,Property & Casualty Insurance,"Hartford, Connecticut",1957-03-04,874766,1810,1810.0,216.0,HIG,36662255616,1.9863654,9.411682,9.281919,1.79,0.0005109013413700456,0.05109013413700456,18456954403.2533
CL,Colgate-Palmolive,Consumer Staples,Household Products,"New York City, New York",1957-03-04,21665,1806,1806.0,220.0,CL,70768746496,1320.0,34.27907,21.826853,2.46,0.0009861872081897798,0.09861872081897798,53612686.73939394
STT,State Street Corporation,Financials,Asset Management & Custody Banks,"Boston, Massachusetts",2003-03-14,93751,1792,1792.0,234.0,STT,41813966848,1.736392,15.353659,10.967655,2.26,0.000582692237335303,0.0582692237335303,24080948799.57982
BK,BNY Mellon,Financials,Asset Management & Custody Banks,"New York City, New York",1995-03-31,1390777,1784,1784.0,242.0,BK,91672780800,2.3236716,16.570719,13.890319,1.6,0.0012774922298398434,0.12774922298398433,39451693948.49083
